Geir_E._Dullerud,Mahesh_Viswanathan_0001,17
Geir_E._Dullerud,Yu_Wang_0044,16
Geir_E._Dullerud,Sayan_Mitra,13
Geir_E._Dullerud,Ji-Woong_Lee,12
Geir_E._Dullerud,Matthew_West_0001,11
Geir_E._Dullerud,Zhenqi_Huang,9
Geir_E._Dullerud,Pavithra_Prabhakar,9
Geir_E._Dullerud,Nima_Roohi,8
Geir_E._Dullerud,Ray_Essick,8
Kirill_Levchenko,Stefan_Savage,32
Kirill_Levchenko,Geoffrey_M._Voelker,25
Kirill_Levchenko,Damon_McCoy,20
Kirill_Levchenko,Vern_Paxson,14
Kirill_Levchenko,Alex_C._Snoeren,13
Kirill_Levchenko,Chris_Kanich,12
Kirill_Levchenko,Christian_Kreibich,11
Kirill_Levchenko,Brandon_Enright,7
Kirill_Levchenko,Nicholas_Weaver,6
Ranjitha_Kumar,Jerry_O._Talton,9
Ranjitha_Kumar,Scott_R._Klemmer,6
Ranjitha_Kumar,Biplab_Deka,5
Ranjitha_Kumar,Zifeng_Huang,4
Ranjitha_Kumar,Salman_Ahmad,4
Ranjitha_Kumar,Haizi_Yu,3
Ranjitha_Kumar,David_A._Forsyth,3
Ranjitha_Kumar,Krishna_Dusad,3
Ranjitha_Kumar,Kristen_Vaccaro,3
Josep_Torrellas,Luis_Ceze,17
Josep_Torrellas,Jose_Renau,15
Josep_Torrellas,James_Tuck,13
Josep_Torrellas,Sergi_Abadal,11
Josep_Torrellas,Wei_Liu_0014,11
Josep_Torrellas,Mengjia_Yan,10
Josep_Torrellas,Albert_Cabellos-Aparicio,10
Josep_Torrellas,Eduard_Alarcón,10
Josep_Torrellas,Wonsun_Ahn,10
David_A._Forsyth,Andrew_Zisserman,34
David_A._Forsyth,Joseph_L._Mundy,23
David_A._Forsyth,Derek_Hoiem,16
David_A._Forsyth,Charlie_Rothwell,15
David_A._Forsyth,Okan_Arikan,11
David_A._Forsyth,Ali_Farhadi,10
David_A._Forsyth,Kobus_Barnard,9
David_A._Forsyth,Jiajun_Lu,9
David_A._Forsyth,Deva_Ramanan,9
Martin_D._F._Wong,Hongbo_Zhang,28
Martin_D._F._Wong,Xiaoping_Tang,22
Martin_D._F._Wong,Kai-Yuan_Chao,22
Martin_D._F._Wong,Tan_Yan,21
Martin_D._F._Wong,Hua_Xiang_0001,21
Martin_D._F._Wong,Qiang_Ma_0002,19
Martin_D._F._Wong,Tsung-Wei_Huang,19
Martin_D._F._Wong,Deming_Chen,18
Martin_D._F._Wong,Yuelin_Du,18
Haitham_Hassanieh,Dina_Katabi,19
Haitham_Hassanieh,Romit_Roy_Choudhury,11
Haitham_Hassanieh,Piotr_Indyk,10
Haitham_Hassanieh,Nirupam_Roy,6
Haitham_Hassanieh,Omid_Abari,6
Haitham_Hassanieh,Lixin_Shi,5
Haitham_Hassanieh,Eric_Price,5
Haitham_Hassanieh,Junfeng_Guan,4
Haitham_Hassanieh,Jiaming_Wang,3
Ravishankar_K._Iyer,Zbigniew_T._Kalbarczyk,169
Ravishankar_K._Iyer,Subho_S._Banerjee,15
Ravishankar_K._Iyer,Saurabh_Jha,14
Ravishankar_K._Iyer,Daniel_Chen,14
Ravishankar_K._Iyer,Keith_Whisnant,13
Ravishankar_K._Iyer,Karthik_Pattabiraman,13
Ravishankar_K._Iyer,Cuong_Manh_Pham,11
Ravishankar_K._Iyer,Phuong_Cao,11
Ravishankar_K._Iyer,Jun_Xu_0003,11
Jeff_Erickson_0001,Erik_D._Demaine,17
Jeff_Erickson_0001,Erin_W._Chambers,13
Jeff_Erickson_0001,Amir_Nayyeri,11
Jeff_Erickson_0001,David_Eppstein,9
Jeff_Erickson_0001,Stefan_Langerman,9
Jeff_Erickson_0001,Hsien-Chih_Chang,9
Jeff_Erickson_0001,Mark_H._Overmars,9
Jeff_Erickson_0001,Ferran_Hurtado,8
Jeff_Erickson_0001,Pankaj_K._Agarwal,7
Sasa_Misailovic,Martin_C._Rinard,15
Sasa_Misailovic,Michael_Carbin,9
Sasa_Misailovic,Henry_Hoffmann,6
Sasa_Misailovic,Sarfraz_Khurshid,5
Sasa_Misailovic,Stelios_Sidiroglou-Douskos,5
Sasa_Misailovic,Milos_Gligoric,4
Sasa_Misailovic,Darko_Marinov,4
Sasa_Misailovic,Vimuth_Fernando,3
Sasa_Misailovic,Keyur_Joshi,3
Julia_Hockenmaier,Yonatan_Bisk,9
Julia_Hockenmaier,Mark_Steedman,9
Julia_Hockenmaier,Micah_Hodosh,8
Julia_Hockenmaier,Peter_Young,7
Julia_Hockenmaier,Svetlana_Lazebnik,6
Julia_Hockenmaier,Stephen_Clark,5
Julia_Hockenmaier,Alice_Lai,5
Julia_Hockenmaier,Bryan_A._Plummer,5
Julia_Hockenmaier,Chris_M._Cervantes,5
Steven_S._Lumetta,Sanjay_J._Patel,17
Steven_S._Lumetta,John_H._Kelm,11
Steven_S._Lumetta,Daniel_R._Johnson,7
Steven_S._Lumetta,David_E._Culler,7
Steven_S._Lumetta,Xiaolan_Joy_Zhang,6
Steven_S._Lumetta,Sun-il_Kim,6
Steven_S._Lumetta,Nacho_Navarro,5
Steven_S._Lumetta,Wen-Mei_W._Hwu,5
Steven_S._Lumetta,William_Tuohy,4
David_A._Padua,María_Jesús_Garzarán,28
David_A._Padua,Jay_Hoeflinger,22
David_A._Padua,Rudolf_Eigenmann,13
David_A._Padua,Samuel_P._Midkiff,13
David_A._Padua,Peng_Wu_0001,13
David_A._Padua,Jaejin_Lee,12
David_A._Padua,Alexandru_Nicolau,11
David_A._Padua,Lawrence_Rauchwerger,11
David_A._Padua,Basilio_B._Fraguela,11
Roy_H._Campbell,Anand_Ranganathan,26
Roy_H._Campbell,M._Dennis_Mickunas,25
Roy_H._Campbell,Jalal_Al-Muhtadi,20
Roy_H._Campbell,Fabio_Kon,20
Roy_H._Campbell,Klara_Nahrstedt,17
Roy_H._Campbell,Ellick_Chan,16
Roy_H._Campbell,Mirko_Montanari,15
Roy_H._Campbell,Abhishek_Verma,13
Roy_H._Campbell,Reza_Farivar,13
Marc_Snir,Clyde_P._Kruskal,20
Marc_Snir,Franck_Cappello,19
Marc_Snir,Larry_Rudolph,14
Marc_Snir,William_Gropp,12
Marc_Snir,Hoang-Vu_Dang,8
Marc_Snir,Babak_Behzad,8
Marc_Snir,Nikoli_Dryden,7
Marc_Snir,C._T._Howard_Ho,6
Marc_Snir,Torsten_Hoefler,6
Jiawei_Han_0001,Xifeng_Yan,72
Jiawei_Han_0001,Xiang_Ren,65
Jiawei_Han_0001,Philip_S._Yu,62
Jiawei_Han_0001,Yizhou_Sun,60
Jiawei_Han_0001,Jing_Gao_0004,53
Jiawei_Han_0001,Jingbo_Shang,45
Jiawei_Han_0001,Chi_Wang_0001,43
Jiawei_Han_0001,Jian_Pei,39
Jiawei_Han_0001,Xin_Jin_0001,38
Paris_Smaragdis,Bhiksha_Raj,23
Paris_Smaragdis,Minje_Kim,19
Paris_Smaragdis,Gautham_J._Mysore,18
Paris_Smaragdis,Shrikant_Venkataramani,15
Paris_Smaragdis,Madhusudana_V._S._Shashanka,13
Paris_Smaragdis,Y._Cem_Sübakan,12
Paris_Smaragdis,Johannes_Traa,11
Paris_Smaragdis,Nasser_Mohammadiha,9
Paris_Smaragdis,Efthymios_Tzinis,6
Brighten_Godfrey,Matthew_Caesar,23
Brighten_Godfrey,Ankit_Singla,19
Brighten_Godfrey,Scott_Shenker,17
Brighten_Godfrey,Michael_Schapira,12
Brighten_Godfrey,Rachit_Agarwal_0001,11
Brighten_Godfrey,Ion_Stoica,8
Brighten_Godfrey,Ashish_Vulimiri,8
Brighten_Godfrey,Mo_Dong,7
Brighten_Godfrey,Balakrishnan_Chandrasekaran_0002,6
Anil_N._Hirani,Evan_VanderZee,12
Anil_N._Hirani,Damrong_Guoy,9
Anil_N._Hirani,Kaushik_Kalyanaraman,7
Anil_N._Hirani,Edgar_A._Ramos,5
Anil_N._Hirani,Vadim_Zharnitsky,4
Anil_N._Hirani,Tamal_K._Dey,4
Anil_N._Hirani,Bala_Krishnamoorthy,4
Anil_N._Hirani,Mathieu_Desbrun,3
Anil_N._Hirani,Seth_Watts,3
Romit_Roy_Choudhury,Srihari_Nelakuditi,36
Romit_Roy_Choudhury,Souvik_Sen,26
Romit_Roy_Choudhury,Xuan_Bao,20
Romit_Roy_Choudhury,Justin_Manweiler,20
Romit_Roy_Choudhury,Mahanth_Gowda,17
Romit_Roy_Choudhury,Nirupam_Roy,15
Romit_Roy_Choudhury,Naveen_Santhapuri,12
Romit_Roy_Choudhury,He_Wang_0008,11
Romit_Roy_Choudhury,Haitham_Hassanieh,11
Shobha_Vasudevan,Lingyi_Liu,13
Shobha_Vasudevan,Jacob_A._Abraham,11
Shobha_Vasudevan,Jayanand_Asok_Kumar,10
Shobha_Vasudevan,Seyed_Nematollah_Ahmadyan,9
Shobha_Vasudevan,David_Sheridan,7
Shobha_Vasudevan,Vinod_Viswanath,6
Shobha_Vasudevan,Debjit_Pal,5
Shobha_Vasudevan,Viraj_Athavale,4
Shobha_Vasudevan,Sam_Hertz,4
Hanghang_Tong,Christos_Faloutsos,39
Hanghang_Tong,Yuan_Yao_0001,32
Hanghang_Tong,Jingrui_He,28
Hanghang_Tong,Jian_Lu_0001,28
Hanghang_Tong,Feng_Xu_0007,25
Hanghang_Tong,Liangyue_Li,18
Hanghang_Tong,Nan_Cao,18
Hanghang_Tong,Leman_Akoglu,16
Hanghang_Tong,Tina_Eliassi-Rad,15
Ruta_Mehta,Jugal_Garg,20
Ruta_Mehta,Vijay_V._Vazirani,19
Ruta_Mehta,Sadra_Yazdanbod,10
Ruta_Mehta,Milind_A._Sohoni,10
Ruta_Mehta,Simina_Brânzei,6
Ruta_Mehta,Georgios_Piliouras,6
Ruta_Mehta,Bharat_Adsul,6
Ruta_Mehta,Ioannis_Panageas,6
Ruta_Mehta,Rahul_Savani,4
Alexander_G._Schwing,Raquel_Urtasun,24
Alexander_G._Schwing,Tamir_Hazan,14
Alexander_G._Schwing,Yuan-Ting_Hu,11
Alexander_G._Schwing,Marc_Pollefeys,10
Alexander_G._Schwing,Raymond_A._Yeh,9
Alexander_G._Schwing,Svetlana_Lazebnik,8
Alexander_G._Schwing,Unnat_Jain,7
Alexander_G._Schwing,Jia-Bin_Huang,7
Alexander_G._Schwing,David_A._Forsyth,6
Deming_Chen,Kyle_Rupnow,39
Deming_Chen,Wen-Mei_W._Hwu,31
Deming_Chen,Jason_Cong,27
Deming_Chen,Swathi_T._Gurumani,21
Deming_Chen,Xiaofan_Zhang,21
Deming_Chen,Martin_D._F._Wong,18
Deming_Chen,Yun_Liang_0001,17
Deming_Chen,Jinjun_Xiong,17
Deming_Chen,Chen_Dong,13
Sayan_Mitra,Chuchu_Fan,24
Sayan_Mitra,Zhenqi_Huang,18
Sayan_Mitra,Mahesh_Viswanathan_0001,14
Sayan_Mitra,Parasara_Sridhar_Duggirala,14
Sayan_Mitra,Geir_E._Dullerud,13
Sayan_Mitra,Taylor_T._Johnson,11
Sayan_Mitra,Nancy_A._Lynch,11
Sayan_Mitra,Bolun_Qi,7
Sayan_Mitra,Hussein_Sibai,7
ChengXiang_Zhai,Hui_Fang_0001,26
ChengXiang_Zhai,Jiawei_Han_0001,24
ChengXiang_Zhai,Qiaozhu_Mei,21
ChengXiang_Zhai,Yuanhua_Lv,16
ChengXiang_Zhai,Yanen_Li,15
ChengXiang_Zhai,Parikshit_Sondhi,14
ChengXiang_Zhai,Xuehua_Shen,14
ChengXiang_Zhai,Xuanhui_Wang,14
ChengXiang_Zhai,Tao_Tao,13
Yongjoo_Park,Barzan_Mozafari,11
Yongjoo_Park,Michael_J._Cafarella,6
Yongjoo_Park,Joseph_Sorenson,2
Yongjoo_Park,Jingyi_Qing,2
Yongjoo_Park,Junhao_Wang,2
Yongjoo_Park,Xiaoyang_Shen,2
Yongjoo_Park,Ahmad_Shahab_Tajik,2
Yongjoo_Park,Shucheng_Zhong,1
Yongjoo_Park,Jacky_Baltes,1
Jingrui_He,Hanghang_Tong,28
Jingrui_He,Changshui_Zhang,15
Jingrui_He,Yada_Zhu,15
Jingrui_He,Pei_Yang,14
Jingrui_He,Mingjing_Li,13
Jingrui_He,HongJiang_Zhang,11
Jingrui_He,Dawei_Zhou,11
Jingrui_He,Yao_Zhou,9
Jingrui_He,Jaime_G._Carbonell,9
Chandra_Chekuri,Sanjeev_Khanna,28
Chandra_Chekuri,F._Bruce_Shepherd,20
Chandra_Chekuri,Kent_Quanrud,19
Chandra_Chekuri,Nitish_Korula,16
Chandra_Chekuri,Alina_Ene,15
Chandra_Chekuri,Rajeev_Motwani,10
Chandra_Chekuri,Jan_Vondrák,10
Chandra_Chekuri,Anupam_Gupta,9
Chandra_Chekuri,Joseph_Naor,9
Andrew_Miller_0001,Elaine_Shi,15
Andrew_Miller_0001,Arvind_Narayanan,9
Andrew_Miller_0001,Iddo_Bentov,9
Andrew_Miller_0001,Surya_Bakshi,9
Andrew_Miller_0001,Ahmed_E._Kosba,7
Andrew_Miller_0001,Joseph_Bonneau,7
Andrew_Miller_0001,Ari_Juels,7
Andrew_Miller_0001,Patrick_McCorry,6
Andrew_Miller_0001,Edward_W._Felten,5
Thenkurussi_Kesavadas,Govindarajan_Srimathveeravalli,12
Thenkurussi_Kesavadas,Ashirwad_Joseph_Chowriappa,7
Thenkurussi_Kesavadas,Xiao_Li,5
Thenkurussi_Kesavadas,Pramod_Chembrammel,4
Thenkurussi_Kesavadas,Young-Seok_Kim,4
Thenkurussi_Kesavadas,Shrey_Pareek,4
Thenkurussi_Kesavadas,Kenneth_R._Hoffmann,4
Thenkurussi_Kesavadas,Ravishankar_K._Iyer,3
Thenkurussi_Kesavadas,Navneeth_Subramanian,3
Olgica_Milenkovic,Farzad_Farnoud,28
Olgica_Milenkovic,Wei_Dai_0001,24
Olgica_Milenkovic,Han_Mao_Kiah,22
Olgica_Milenkovic,Amin_Emad,20
Olgica_Milenkovic,Ryan_Gabrys,20
Olgica_Milenkovic,Gregory_J._Puleo,19
Olgica_Milenkovic,Pan_Li_0005,18
Olgica_Milenkovic,Son_Hoang_Dau,15
Olgica_Milenkovic,Stefan_Ländner,13
Saurabh_Gupta_0001,Jitendra_Malik,22
Saurabh_Gupta_0001,Pablo_Andrés_Arbeláez,8
Saurabh_Gupta_0001,Ross_B._Girshick,7
Saurabh_Gupta_0001,Margaret_Mitchell,5
Saurabh_Gupta_0001,Hao_Fang_0002,5
Saurabh_Gupta_0001,Bharath_Hariharan,5
Saurabh_Gupta_0001,David_F._Fouhey,5
Saurabh_Gupta_0001,Sergey_Levine,5
Saurabh_Gupta_0001,Judy_Hoffman,4
Timothy_M._Chan,Therese_C._Biedl,14
Timothy_M._Chan,Anna_Lubiw,12
Timothy_M._Chan,Mihai_Patrascu,11
Timothy_M._Chan,Peyman_Afshani,10
Timothy_M._Chan,Bryan_T._Wilkinson,10
Timothy_M._Chan,Dimitrios_Skrepetos,9
Timothy_M._Chan,Eric_Y._Chen,8
Timothy_M._Chan,Sariel_Har-Peled,8
Timothy_M._Chan,Erik_D._Demaine,8
Dakshita_Khurana,Amit_Sahai,28
Dakshita_Khurana,Yael_Tauman_Kalai,13
Dakshita_Khurana,Saikrishna_Badrinarayanan,12
Dakshita_Khurana,Vipul_Goyal,8
Dakshita_Khurana,Abhishek_Jain_0002,6
Dakshita_Khurana,Hemanta_K._Maji,6
Dakshita_Khurana,Rafail_Ostrovsky,4
Dakshita_Khurana,Brent_Waters,4
Dakshita_Khurana,Daniel_Wichs,3
Kris_Hauser,Jean-Claude_Latombe,10
Kris_Hauser,Jingru_Luo,9
Kris_Hauser,Yajia_Zhang,7
Kris_Hauser,Gao_Tang,6
Kris_Hauser,Timothy_Bretl,6
Kris_Hauser,Fan_Wang,5
Kris_Hauser,Zhi_Li_0004,4
Kris_Hauser,Shihao_Wang,4
Kris_Hauser,Jeffrey_Kane_Johnson,4
Heng_Ji,Lifu_Huang,35
Heng_Ji,Jiawei_Han_0001,34
Heng_Ji,Xiaoman_Pan,27
Heng_Ji,Boliang_Zhang,27
Heng_Ji,Kevin_Knight,22
Heng_Ji,Di_Lu,16
Heng_Ji,Tongtao_Zhang,16
Heng_Ji,Qi_Li_0014,15
Heng_Ji,Ying_Lin,15
Grigore_Rosu,Traian-Florin_Serbanuta,30
Grigore_Rosu,Feng_Chen_0006,22
Grigore_Rosu,Klaus_Havelund,21
Grigore_Rosu,Dorel_Lucanu,16
Grigore_Rosu,José_Meseguer,15
Grigore_Rosu,Patrick_O'Neil_Meredith,14
Grigore_Rosu,Andrei_Stefanescu,13
Grigore_Rosu,Koushik_Sen,11
Grigore_Rosu,Joseph_A._Goguen,10
Lui_Sha,Marco_Caccamo,37
Lui_Sha,Yu_Jiang_0001,29
Lui_Sha,Po-Liang_Wu,21
Lui_Sha,John_P._Lehoczky,19
Lui_Sha,Richard_B._Berlin_Jr.,18
Lui_Sha,Shangping_Ren,17
Lui_Sha,Mohammad_Hosseini,16
Lui_Sha,Tarek_F._Abdelzaher,16
Lui_Sha,Qixin_Wang,15
Darko_Marinov,Sarfraz_Khurshid,36
Darko_Marinov,Milos_Gligoric,21
Darko_Marinov,August_Shi,17
Darko_Marinov,Vilas_Jagannath,11
Darko_Marinov,Owolabi_Legunsen,11
Darko_Marinov,Steven_Lauterburg,10
Darko_Marinov,Lingming_Zhang,8
Darko_Marinov,Alex_Gyori,8
Darko_Marinov,Danny_Dig,8
William_Gropp,Rajeev_Thakur,86
William_Gropp,Ewing_L._Lusk,54
William_Gropp,Pavan_Balaji,31
William_Gropp,Darius_Buntinas,20
William_Gropp,David_E._Keyes,18
William_Gropp,Robert_B._Ross,18
William_Gropp,Luke_N._Olson,16
William_Gropp,Xian-He_Sun,14
William_Gropp,Marc_Snir,12
Bo_Li_0026,Dawn_Song,28
Bo_Li_0026,Yevgeniy_Vorobeychik,20
Bo_Li_0026,Chaowei_Xiao,16
Bo_Li_0026,Minhui_Xue,12
Bo_Li_0026,Yang_Liu_0003,10
Bo_Li_0026,Mingyan_Liu,10
Bo_Li_0026,Warren_He,9
Bo_Li_0026,Jianjun_Zhao,9
Bo_Li_0026,Lei_Ma_0003,9
Gul_A._Agha,Koushik_Sen,21
Gul_A._Agha,Kirill_Mechitov,16
Gul_A._Agha,YoungMin_Kwon,15
Gul_A._Agha,Mahesh_Viswanathan_0001,10
Gul_A._Agha,WooYoung_Kim,10
Gul_A._Agha,Grigore_Rosu,7
Gul_A._Agha,Vijay_Anand_Korthikanti,7
Gul_A._Agha,Rajesh_K._Karmani,7
Gul_A._Agha,Carolyn_L._Talcott,6
Christopher_W._Fletcher,Srinivas_Devadas,27
Christopher_W._Fletcher,Marten_van_Dijk,22
Christopher_W._Fletcher,Ling_Ren_0001,22
Christopher_W._Fletcher,Xiangyao_Yu,11
Christopher_W._Fletcher,Mengjia_Yan,9
Christopher_W._Fletcher,Albert_Kwon,9
Christopher_W._Fletcher,Emil_Stefanov,8
Christopher_W._Fletcher,Elaine_Shi,8
Christopher_W._Fletcher,Josep_Torrellas,7
Robin_Kravets,Albert_F._Harris_III,23
Robin_Kravets,Riccardo_Crepaldi,13
Robin_Kravets,Mehedi_Bakht,13
Robin_Kravets,Yaling_Yang,9
Robin_Kravets,Tarek_F._Abdelzaher,9
Robin_Kravets,Cigdem_Sengul,8
Robin_Kravets,Farhana_Ashraf,8
Robin_Kravets,Samuel_C._Nelson,7
Robin_Kravets,Luiz_Claudio_Schara_Magalhães,6
Vikram_S._Adve,Sarita_V._Adve,12
Vikram_S._Adve,Chris_Lattner,10
Vikram_S._Adve,John_M._Mellor-Crummey,8
Vikram_S._Adve,Mary_K._Vernon,8
Vikram_S._Adve,Dinakar_Dhurjati,7
Vikram_S._Adve,Prakalp_Srivastava,7
Vikram_S._Adve,John_Criswell,7
Vikram_S._Adve,Stephen_Heumann,7
Vikram_S._Adve,Rizos_Sakellariou,6
Indranil_Gupta,Klara_Nahrstedt,15
Indranil_Gupta,Muntasir_Raihan_Rahman,13
Indranil_Gupta,Roy_H._Campbell,12
Indranil_Gupta,Steven_Y._Ko,12
Indranil_Gupta,Brian_Cho,9
Indranil_Gupta,Ramsés_Morales,9
Indranil_Gupta,Oluwasanmi_Koyejo,8
Indranil_Gupta,Cong_Xie,8
Indranil_Gupta,Si_Liu_0003,7
Nancy_M._Amato,Shawna_L._Thomas,44
Nancy_M._Amato,Lawrence_Rauchwerger,32
Nancy_M._Amato,Jyh-Ming_Lien,22
Nancy_M._Amato,Samuel_Rodríguez,21
Nancy_M._Amato,Jory_Denny,17
Nancy_M._Amato,Guang_Song,15
Nancy_M._Amato,Marco_Morales,14
Nancy_M._Amato,Roger_A._Pearce,13
Nancy_M._Amato,Adam_Fidel,11
William_H._Sanders,Michel_Cukier,22
William_H._Sanders,Tod_Courtney,18
William_H._Sanders,Kaustubh_R._Joshi,16
William_H._Sanders,Ken_Keefe,15
William_H._Sanders,Ahmed_M._Fawaz,14
William_H._Sanders,Ann_T._Tai,14
William_H._Sanders,Richard_D._Schlichting,14
William_H._Sanders,Kam_S._Tso,14
William_H._Sanders,Robin_Berthier,13
Matthew_Caesar,Brighten_Godfrey,23
Matthew_Caesar,Nikita_Borisov,20
Matthew_Caesar,Jennifer_Rexford,13
Matthew_Caesar,Anupam_Das_0001,10
Matthew_Caesar,Wenxuan_Zhou,10
Matthew_Caesar,Ahmed_Khurshid,9
Matthew_Caesar,Prateek_Mittal,8
Matthew_Caesar,Rachit_Agarwal_0001,7
Matthew_Caesar,Chi-Yao_Hong,7
Derek_Hoiem,David_A._Forsyth,16
Derek_Hoiem,Alexei_A._Efros,11
Derek_Hoiem,Martial_Hebert,11
Derek_Hoiem,Saurabh_Singh_0005,10
Derek_Hoiem,Chuhang_Zou,9
Derek_Hoiem,Ian_Endres,9
Derek_Hoiem,Kevin_J._Shih,8
Derek_Hoiem,Tanmay_Gupta,8
Derek_Hoiem,Zhizhong_Li,7
Sibin_Mohan,Rakesh_Bobba,18
Sibin_Mohan,Monowar_Hasan,15
Sibin_Mohan,Rodolfo_Pellizzoni,13
Sibin_Mohan,Chien-Ying_Chen,13
Sibin_Mohan,Lui_Sha,11
Sibin_Mohan,Man-Ki_Yoon,10
Sibin_Mohan,Frank_Mueller,8
Sibin_Mohan,Marco_Caccamo,6
Sibin_Mohan,Jaesik_Choi,4
Jian_Huang_0006,Karsten_Schwan,5
Jian_Huang_0006,Moinuddin_K._Qureshi,5
Jian_Huang_0006,Anirudh_Badam,4
Jian_Huang_0006,Dhabaleswar_K._Panda,4
Jian_Huang_0006,Hao_Wang_0002,4
Jian_Huang_0006,Xiangyong_Ouyang,4
Jian_Huang_0006,Nam_Sung_Kim,3
Jian_Huang_0006,Jithin_Jose,3
Jian_Huang_0006,Hari_Subramoni,3
Klara_Nahrstedt,Wanmin_Wu,32
Klara_Nahrstedt,Ahsan_Arefin,29
Klara_Nahrstedt,Raoul_Rivas,26
Klara_Nahrstedt,Yuan_Xue,21
Klara_Nahrstedt,Haiming_Jin,20
Klara_Nahrstedt,King-Shan_Lui,20
Klara_Nahrstedt,Zhenyu_Yang,18
Klara_Nahrstedt,Wenbo_He,18
Klara_Nahrstedt,Roy_H._Campbell,17
Sarita_V._Adve,Vijay_S._Pai,13
Sarita_V._Adve,Vikram_S._Adve,12
Sarita_V._Adve,Rakesh_Komuravelli,11
Sarita_V._Adve,Pradip_Bose,11
Sarita_V._Adve,Parthasarathy_Ranganathan,11
Sarita_V._Adve,Siva_Kumar_Sastry_Hari,10
Sarita_V._Adve,Pradeep_Ramachandran,10
Sarita_V._Adve,Mark_D._Hill,9
Sarita_V._Adve,Jude_A._Rivers,8
Lav_R._Varshney,Vivek_K._Goyal,27
Lav_R._Varshney,Avhishek_Chatterjee,18
Lav_R._Varshney,Kush_R._Varshney,16
Lav_R._Varshney,Daewon_Seo,15
Lav_R._Varshney,Anshoo_Tandon,13
Lav_R._Varshney,Aditya_Vempaty,12
Lav_R._Varshney,Ravi_Kiran_Raman,12
Lav_R._Varshney,Mehul_Motani,11
Lav_R._Varshney,Pramod_K._Varshney,10
Carl_A._Gunter,XiaoFeng_Wang_0001,16
Carl_A._Gunter,Michael_LeMay,13
Carl_A._Gunter,Bradley_A._Malin,13
Carl_A._Gunter,David_M._Liebovitz,11
Carl_A._Gunter,Muhammad_Naveed_0001,10
Carl_A._Gunter,Soteris_Demetriou,10
Carl_A._Gunter,Karthikeyan_Bhargavan,9
Carl_A._Gunter,Elsa_L._Gunter,8
Carl_A._Gunter,Omid_Fatemieh,8
Tianyin_Xu,Sanglu_Lu,13
Tianyin_Xu,Zhenhua_Li_0001,12
Tianyin_Xu,Yuanyuan_Zhou_0001,10
Tianyin_Xu,Xiaoming_Fu_0001,9
Tianyin_Xu,Yunhao_Liu,9
Tianyin_Xu,Baoliu_Ye,9
Tianyin_Xu,Ennan_Zhai,8
Tianyin_Xu,Yang_Chen_0001,7
Tianyin_Xu,Yao_Liu_0001,7
Luke_N._Olson,William_Gropp,16
Luke_N._Olson,Amanda_Bienz,8
Luke_N._Olson,Jacob_B._Schroder,7
Luke_N._Olson,Jon_Calhoun,6
Luke_N._Olson,Marc_Snir,5
Luke_N._Olson,Thomas_A._Manteuffel,4
Luke_N._Olson,Jehanzeb_Hameed_Chaudhry,4
Luke_N._Olson,Nathan_Bell,3
Luke_N._Olson,Huda_Ibeid,3
Saurabh_Sinha,Brian_Cline,21
Saurabh_Sinha,Mary_Jean_Harrold,17
Saurabh_Sinha,Greg_Yeric,17
Saurabh_Sinha,Satish_Chandra_0001,9
Saurabh_Sinha,Sung_Kyu_Lim,9
Saurabh_Sinha,Vibha_Sinha,9
Saurabh_Sinha,Alessandro_Orso,9
Saurabh_Sinha,Suresh_Thummalapenta,8
Saurabh_Sinha,Kyungwook_Chang,8
Adam_Bates_0001,Kevin_R._B._Butler,21
Adam_Bates_0001,Thomas_Moyer,9
Adam_Bates_0001,Jing_(Dave)_Tian,7
Adam_Bates_0001,Wajih_Ul_Hassan,6
Adam_Bates_0001,Patrick_Traynor,6
Adam_Bates_0001,Bradley_Reaves,5
Adam_Bates_0001,Joe_Pletcher,4
Adam_Bates_0001,Nolen_Scaife,4
Adam_Bates_0001,Qi_Wang,3
Shaowen_Wang,Anand_Padmanabhan,34
Shaowen_Wang,Yan_Liu_0009,31
Shaowen_Wang,Kiumars_Soltani,12
Shaowen_Wang,Nancy_Wilkins-Diehr,10
Shaowen_Wang,Jun_Ni_0001,10
Shaowen_Wang,Dandong_Yin,9
Shaowen_Wang,Guofeng_Cao,9
Shaowen_Wang,Tao_He,8
Shaowen_Wang,Yizhao_Gao,8
P._Madhusudan,Rajeev_Alur,22
P._Madhusudan,Pranav_Garg_0001,19
P._Madhusudan,Gennaro_Parlato,17
P._Madhusudan,Daniel_Neider,14
P._Madhusudan,Salvatore_La_Torre,13
P._Madhusudan,Mahesh_Viswanathan_0001,13
P._Madhusudan,Shambwaditya_Saha,11
P._Madhusudan,Christof_Löding,9
P._Madhusudan,Azadeh_Farzan,7
Roxana_Girju,Dan_I._Moldovan,15
Roxana_Girju,Rania_Al-Sabbagh,8
Roxana_Girju,Michael_J._Paul,7
Roxana_Girju,Vasile_Rus,6
Roxana_Girju,Sanda_M._Harabagiu,6
Roxana_Girju,Jana_Diesner,5
Roxana_Girju,Brandon_Beamer,5
Roxana_Girju,Marius_Pasca,5
Roxana_Girju,Rada_Mihalcea,5
Michael_Bailey,Farnam_Jahanian,16
Michael_Bailey,Zakir_Durumeric,15
Michael_Bailey,J._Alex_Halderman,11
Michael_Bailey,Joshua_Mason,10
Michael_Bailey,Manish_Karir,8
Michael_Bailey,Jing_Zhang_0027,7
Michael_Bailey,Zane_Ma,7
Michael_Bailey,Elie_Bursztein,6
Michael_Bailey,Jakub_Czyz,6
Steven_M._LaValle,Jingjin_Yu,23
Steven_M._LaValle,Benjamín_Tovar,16
Steven_M._LaValle,Seth_Hutchinson,14
Steven_M._LaValle,Anna_Yershova,12
Steven_M._LaValle,Jason_M._O'Kane,12
Steven_M._LaValle,Stephen_R._Lindemann,10
Steven_M._LaValle,Lawrence_H._Erickson,9
Steven_M._LaValle,Rafael_Murrieta-Cid,7
Steven_M._LaValle,Jean-Claude_Latombe,6
Karthekeyan_Chandrasekaran,Santosh_S._Vempala,11
Karthekeyan_Chandrasekaran,Elena_Grigorescu,10
Karthekeyan_Chandrasekaran,Venkata_Gandikota,9
Karthekeyan_Chandrasekaran,Tamás_Király,6
Karthekeyan_Chandrasekaran,Kristóf_Bérczi,6
Karthekeyan_Chandrasekaran,Vivek_Madan,5
Karthekeyan_Chandrasekaran,Richard_M._Karp,4
Karthekeyan_Chandrasekaran,Britta_Peis,4
Karthekeyan_Chandrasekaran,Alexandra_Kolla,4
Tarek_F._Abdelzaher,John_A._Stankovic,53
Tarek_F._Abdelzaher,Shaohan_Hu,46
Tarek_F._Abdelzaher,Lu_Su,41
Tarek_F._Abdelzaher,Shuochao_Yao,37
Tarek_F._Abdelzaher,Lance_M._Kaplan,36
Tarek_F._Abdelzaher,Shen_Li,35
Tarek_F._Abdelzaher,Tian_He_0001,33
Tarek_F._Abdelzaher,Yiran_Zhao,32
Tarek_F._Abdelzaher,Raghu_K._Ganti,30
Alex_Kirlik,Richard_J._Jagacinski,3
Alex_Kirlik,Brian_P._Bailey,3
Alex_Kirlik,Ling_Rothrock,2
Alex_Kirlik,Neff_Walker,2
Alex_Kirlik,Richard_B._Berlin_Jr.,2
Alex_Kirlik,Arthur_D._Fisk,2
Alex_Kirlik,Richard_A._Miller,2
Alex_Kirlik,Karrie_Karahalios,2
Alex_Kirlik,Robert_Deloatch,2
Michael_A._Forbes,Amir_Shpilka,27
Michael_A._Forbes,Alessandro_Chiesa,13
Michael_A._Forbes,Ramprasad_Saptharishi,10
Michael_A._Forbes,Nicholas_Spooner,10
Michael_A._Forbes,Ben_lee_Volk,8
Michael_A._Forbes,Matthew_Anderson,4
Michael_A._Forbes,Nitin_Saxena_0001,4
Michael_A._Forbes,Ariel_Gabizon,4
Michael_A._Forbes,Michael_Riabzev,4
Gang_Wang_0011,Haitao_Zheng_0001,32
Gang_Wang_0011,Ben_Y._Zhao,32
Gang_Wang_0011,Tianyi_Wang,11
Gang_Wang_0011,Bolun_Wang,10
Gang_Wang_0011,Hang_Hu_0002,9
Gang_Wang_0011,Steve_T._K._Jan,8
Gang_Wang_0011,Zengbin_Zhang,8
Gang_Wang_0011,Christo_Wilson,7
Gang_Wang_0011,Danfeng_Yao,6
Mahesh_Viswanathan_0001,Rohit_Chadha,30
Mahesh_Viswanathan_0001,Pavithra_Prabhakar,21
Mahesh_Viswanathan_0001,Nima_Roohi,17
Mahesh_Viswanathan_0001,Geir_E._Dullerud,17
Mahesh_Viswanathan_0001,Sampath_Kannan,16
Mahesh_Viswanathan_0001,Umang_Mathur,15
Mahesh_Viswanathan_0001,A._Prasad_Sistla,15
Mahesh_Viswanathan_0001,Sayan_Mitra,14
Mahesh_Viswanathan_0001,Dileep_Kini,14
Oluwasanmi_Koyejo,Joydeep_Ghosh,31
Oluwasanmi_Koyejo,Russell_A._Poldrack,14
Oluwasanmi_Koyejo,Rajiv_Khanna,9
Oluwasanmi_Koyejo,Cong_Xie,8
Oluwasanmi_Koyejo,Indranil_Gupta,8
Oluwasanmi_Koyejo,Pradeep_Ravikumar,6
Oluwasanmi_Koyejo,Cheng_H._Lee,5
Oluwasanmi_Koyejo,Nagarajan_Natarajan,5
Oluwasanmi_Koyejo,Sreangsu_Acharyya,5
Karrie_Karahalios,Joshua_M._Hailpern,16
Karrie_Karahalios,Motahhare_Eslami,14
Karrie_Karahalios,Tony_Bergstrom,13
Karrie_Karahalios,Eric_Gilbert,12
Karrie_Karahalios,Aditya_G._Parameswaran,10
Karrie_Karahalios,Ha_Kyung_Kong,10
Karrie_Karahalios,Christian_Sandvig,9
Karrie_Karahalios,John_Lee_0005,9
Karrie_Karahalios,Wai-Tat_Fu,9
Rakesh_Kumar_0002,John_Sartori,34
Rakesh_Kumar_0002,Dean_M._Tullsen,20
Rakesh_Kumar_0002,Henry_Duwe,15
Rakesh_Kumar_0002,Norman_P._Jouppi,10
Rakesh_Kumar_0002,Xun_Jian,9
Rakesh_Kumar_0002,Hari_Cherupalli,7
Rakesh_Kumar_0002,Joseph_Sloan,6
Rakesh_Kumar_0002,Weidong_Ye,6
Rakesh_Kumar_0002,Andrew_B._Kahng,6
Craig_B._Zilles,Geoffrey_L._Herman,10
Craig_B._Zilles,Michael_C._Loui,9
Craig_B._Zilles,Matthew_West_0001,8
Craig_B._Zilles,Binglin_Chen,5
Craig_B._Zilles,Gurindar_S._Sohi,5
Craig_B._Zilles,Naveen_Neelakantam,5
Craig_B._Zilles,Lisa_C._Kaczmarczyk,4
Craig_B._Zilles,Pierre_Salverda,4
Craig_B._Zilles,Ravi_Rajwar,4
Hari_Sundaram,Yu-Ru_Lin,25
Hari_Sundaram,Aisling_Kelliher,18
Hari_Sundaram,Munmun_De_Choudhury,16
Hari_Sundaram,Yinpeng_Chen,16
Hari_Sundaram,Shih-Fu_Chang,14
Hari_Sundaram,Lexing_Xie,13
Hari_Sundaram,Dorée_D._Seligmann,11
Hari_Sundaram,Ajita_John,11
Hari_Sundaram,Thanassis_Rikakis,11
Timothy_Bretl,Jean-Claude_Latombe,10
Timothy_Bretl,Andy_Borum,9
Timothy_Bretl,Aadeel_Akhtar,9
Timothy_Bretl,Aaron_T._Becker,9
Timothy_Bretl,Abdullah_Akce,6
Timothy_Bretl,Kris_Hauser,6
Timothy_Bretl,Navid_Aghasadeghi,6
Timothy_Bretl,Joseph_DeGol,6
Timothy_Bretl,Zoe_McCarthy,5
Marco_Caccamo,Lui_Sha,37
Marco_Caccamo,Rodolfo_Pellizzoni,34
Marco_Caccamo,Renato_Mancuso_0001,21
Marco_Caccamo,Stanley_Bak,17
Marco_Caccamo,Giorgio_C._Buttazzo,14
Marco_Caccamo,Fardin_Abdi_Taghi_Abad,12
Marco_Caccamo,Gang_Yao,9
Marco_Caccamo,Sathish_Gopalakrishnan,9
Marco_Caccamo,Heechul_Yun,9
Nikita_Borisov,Amir_Houmansadr,22
Nikita_Borisov,Matthew_Caesar,20
Nikita_Borisov,Prateek_Mittal,20
Nikita_Borisov,Anupam_Das_0001,16
Nikita_Borisov,Negar_Kiyavash,10
Nikita_Borisov,Kazuhiro_Minami,7
Nikita_Borisov,Xun_Gong,7
Nikita_Borisov,Qiyan_Wang,6
Nikita_Borisov,Carl_A._Gunter,5
Brian_P._Bailey,Shamsi_T._Iqbal,10
Brian_P._Bailey,Anbang_Xu,9
Brian_P._Bailey,Joseph_A._Konstan,8
Brian_P._Bailey,Jacob_T._Biehl,8
Brian_P._Bailey,Piotr_D._Adamczyk,7
Brian_P._Bailey,Steven_Dow,7
Brian_P._Bailey,Moushumi_Sharmin,6
Brian_P._Bailey,Brett_R._Jones,6
Brian_P._Bailey,Rajinder_Sodhi,6
Radhika_Mittal,Scott_Shenker,12
Radhika_Mittal,Sylvia_Ratnasamy,9
Radhika_Mittal,Justine_Sherry,4
Radhika_Mittal,Doron_Zarchy,3
Radhika_Mittal,Michael_Schapira,3
Radhika_Mittal,Rachit_Agarwal_0001,3
Radhika_Mittal,Hassan_M._G._Wassel,2
Radhika_Mittal,David_Wetherall,2
Radhika_Mittal,Manya_Ghobadi,2
Svetlana_Lazebnik,Cordelia_Schmid,23
Svetlana_Lazebnik,Jean_Ponce,18
Svetlana_Lazebnik,Arun_Mallya,16
Svetlana_Lazebnik,Bryan_A._Plummer,13
Svetlana_Lazebnik,Liwei_Wang_0009,13
Svetlana_Lazebnik,Yunchao_Gong,11
Svetlana_Lazebnik,Alexander_G._Schwing,8
Svetlana_Lazebnik,Yoichi_Sato,7
Svetlana_Lazebnik,Pietro_Perona,7
Tandy_J._Warnow,Bernard_M._E._Moret,18
Tandy_J._Warnow,Sampath_Kannan,16
Tandy_J._Warnow,Li-San_Wang,12
Tandy_J._Warnow,C._Randal_Linder,12
Tandy_J._Warnow,Siavash_Mirarab,11
Tandy_J._Warnow,Luay_Nakhleh,11
Tandy_J._Warnow,Shibu_Yooseph,8
Tandy_J._Warnow,Katherine_St._John,7
Tandy_J._Warnow,Mike_A._Steel,7
Mani_Golparvar_Fard,Jules_White,6
Mani_Golparvar_Fard,Brian_Dougherty,3
Mani_Golparvar_Fard,Feniosky_Peña-Mora,3
Mani_Golparvar_Fard,Yu_Sun_0002,2
Mani_Golparvar_Fard,Silvio_Savarese,2
Mani_Golparvar_Fard,Andrey_Dimitrov,2
Mani_Golparvar_Fard,Hyojoon_Bae,2
Mani_Golparvar_Fard,Joseph_DeGol,2
Mani_Golparvar_Fard,Youngjib_Ham,2
Jian_Peng_0001,Qiang_Liu_0001,22
Jian_Peng_0001,Jiawei_Han_0001,15
Jian_Peng_0001,Jinbo_Xu,15
Jian_Peng_0001,Bonnie_Berger,12
Jian_Peng_0001,Yang_Liu_0097,11
Jian_Peng_0001,Jingbo_Shang,10
Jian_Peng_0001,Yunan_Luo,7
Jian_Peng_0001,Jianzhu_Ma,7
Jian_Peng_0001,Tanmay_Gangwani,6
