Andrew_Lo,Gartheeban_Ganeshapillai,1
Andrew_Lo,Mohamed_S._Kamel,1
Andrew_Lo,Yuri_Quintana,1
Andrew_Lo,John_V._Guttag,1
Barbara_Liskov,Liuba_Shrira,35
Barbara_Liskov,Rodrigo_Rodrigues,14
Barbara_Liskov,Miguel_Castro_0001,14
Barbara_Liskov,Atul_Adya,10
Barbara_Liskov,Andrew_C._Myers,10
Barbara_Liskov,Robert_Gruber,10
Barbara_Liskov,Umesh_Maheshwari,9
Barbara_Liskov,Rivka_Ladin,8
Barbara_Liskov,Paul_Johnson_0001,7
Yury_Polyanskiy,Wei_Yang_0001,21
Yury_Polyanskiy,Sergio_Verdú,20
Yury_Polyanskiy,Giuseppe_Durisi,20
Yury_Polyanskiy,Yihong_Wu_0001,17
Yury_Polyanskiy,H._Vincent_Poor,13
Yury_Polyanskiy,Or_Ordentlich,10
Yury_Polyanskiy,Tobias_Koch,10
Yury_Polyanskiy,Austin_Collins,8
Yury_Polyanskiy,Ziv_Goldfeld,7
Erik_D._Demaine,Martin_L._Demaine,163
Erik_D._Demaine,Mohammad_Taghi_Hajiaghayi,72
Erik_D._Demaine,Stefan_Langerman,69
Erik_D._Demaine,Joseph_O'Rourke,57
Erik_D._Demaine,Ryuhei_Uehara,45
Erik_D._Demaine,Anna_Lubiw,44
Erik_D._Demaine,Sándor_P._Fekete,44
Erik_D._Demaine,John_Iacono,41
Erik_D._Demaine,Godfried_T._Toussaint,31
Anant_Agarwal,Henry_Hoffmann,19
Anant_Agarwal,Jason_E._Miller,14
Anant_Agarwal,John_Kubiatowicz,14
Anant_Agarwal,David_A._Kranz,12
Anant_Agarwal,Beng-Hong_Lim,11
Anant_Agarwal,David_Wentzlaff,11
Anant_Agarwal,Walter_Lee,10
Anant_Agarwal,Donald_Yeung,10
Anant_Agarwal,Saman_P._Amarasinghe,10
John_V._Guttag,James_J._Horning,20
John_V._Guttag,Guha_Balakrishnan,18
John_V._Guttag,Adrian_V._Dalca,18
John_V._Guttag,Stephen_J._Garland,13
John_V._Guttag,Frédo_Durand,12
John_V._Guttag,Amy_Zhao,12
John_V._Guttag,Mert_R._Sabuncu,12
John_V._Guttag,Zeeshan_Syed,11
John_V._Guttag,Jen_J._Gong,8
Saman_P._Amarasinghe,William_Thies,20
Saman_P._Amarasinghe,Monica_S._Lam,13
Saman_P._Amarasinghe,Walter_Lee,13
Saman_P._Amarasinghe,Shoaib_Kamil,13
Saman_P._Amarasinghe,Jason_Ansel,11
Saman_P._Amarasinghe,Anant_Agarwal,10
Saman_P._Amarasinghe,Rodric_M._Rabbah,9
Saman_P._Amarasinghe,Qin_Zhao,9
Saman_P._Amarasinghe,Charith_Mendis,9
Hari_Balakrishnan,Samuel_Madden,34
Hari_Balakrishnan,Mohammad_Alizadeh,20
Hari_Balakrishnan,Srinivasan_Seshan,16
Hari_Balakrishnan,Robert_Tappan_Morris,15
Hari_Balakrishnan,Randy_H._Katz,14
Hari_Balakrishnan,Anirudh_Sivaraman,14
Hari_Balakrishnan,Nick_Feamster,13
Hari_Balakrishnan,M._Frans_Kaashoek,13
Hari_Balakrishnan,David_G._Andersen,13
John_N._Tsitsiklis,Eytan_Modiano,17
John_N._Tsitsiklis,Alexander_Olshevsky,16
John_N._Tsitsiklis,Vincent_D._Blondel,14
John_N._Tsitsiklis,Shie_Mannor,14
John_N._Tsitsiklis,Asuman_E._Ozdaglar,13
John_N._Tsitsiklis,Mihalis_G._Markakis,12
John_N._Tsitsiklis,Wee-Peng_Tay,11
John_N._Tsitsiklis,Julien_M._Hendrickx,11
John_N._Tsitsiklis,Kimon_Drakopoulos,10
Wojciech_Matusik,Hanspeter_Pfister,35
Wojciech_Matusik,Frédo_Durand,17
Wojciech_Matusik,Piotr_Didyk,16
Wojciech_Matusik,Bernd_Bickel,13
Wojciech_Matusik,Markus_H._Gross,13
Wojciech_Matusik,Szymon_Rusinkiewicz,13
Wojciech_Matusik,Marc_Alexa,12
Wojciech_Matusik,Adriana_Schulz,12
Wojciech_Matusik,Alexandre_Kaspar,12
Daniela_Rus,Mac_Schwager,41
Daniela_Rus,Emilio_Frazzoli,41
Daniela_Rus,Sertac_Karaman,34
Daniela_Rus,Marcelo_H._Ang,30
Daniela_Rus,Zack_J._Butler,23
Daniela_Rus,Dan_Feldman,22
Daniela_Rus,Keith_Kotay,22
Daniela_Rus,Stephen_L._Smith_0001,21
Daniela_Rus,Carrick_Detweiler,20
Constantinos_Daskalakis,Christos_H._Papadimitriou,29
Constantinos_Daskalakis,Christos_Tzamos,22
Constantinos_Daskalakis,S._Matthew_Weinberg,21
Constantinos_Daskalakis,Yang_Cai_0001,21
Constantinos_Daskalakis,Gautam_Kamath_0001,20
Constantinos_Daskalakis,Ilias_Diakonikolas,15
Constantinos_Daskalakis,Nishanth_Dikkala,14
Constantinos_Daskalakis,Sébastien_Roch,13
Constantinos_Daskalakis,Rocco_A._Servedio,12
Adam_Belay,Christoforos_E._Kozyrakis,6
Adam_Belay,George_Prekas,4
Adam_Belay,Edouard_Bugnion,4
Adam_Belay,Ana_Klimovic,3
Adam_Belay,David_Mazières,3
Adam_Belay,Mia_Primorac,3
Adam_Belay,Samuel_Grossman,3
Adam_Belay,Ali_José_Mashtizadeh,2
Adam_Belay,Andrea_Bittau,2
Aleksander_Madry,Dimitris_Tsipras,17
Aleksander_Madry,Shibani_Santurkar,12
Aleksander_Madry,Ludwig_Schmidt,12
Aleksander_Madry,Logan_Engstrom,10
Aleksander_Madry,Andrew_Ilyas,8
Aleksander_Madry,Slobodan_Mitrovic,7
Aleksander_Madry,Michael_B._Cohen,6
Aleksander_Madry,Brandon_Tran,6
Aleksander_Madry,Adrian_Vladu,6
Mohammad_Alizadeh,Hari_Balakrishnan,20
Mohammad_Alizadeh,Prateesh_Goyal,13
Mohammad_Alizadeh,Sachin_Katti,12
Mohammad_Alizadeh,Hongzi_Mao,11
Mohammad_Alizadeh,Shaileshh_Bojja_Venkatakrishnan,11
Mohammad_Alizadeh,Nick_McKeown,10
Mohammad_Alizadeh,Changhoon_Kim,10
Mohammad_Alizadeh,Anirudh_Sivaraman,9
Mohammad_Alizadeh,Balaji_Prabhakar,9
Robert_Tappan_Morris,M._Frans_Kaashoek,52
Robert_Tappan_Morris,Eddie_Kohler,17
Robert_Tappan_Morris,Hari_Balakrishnan,15
Robert_Tappan_Morris,Jinyang_Li_0001,12
Robert_Tappan_Morris,Nickolai_Zeldovich,10
Robert_Tappan_Morris,Frank_Dabek,10
Robert_Tappan_Morris,Emil_Sit,10
Robert_Tappan_Morris,Benjie_Chen,9
Robert_Tappan_Morris,Jeremy_Stribling,8
Patrick_Jaillet,Kian_Hsiang_Low,21
Patrick_Jaillet,Justin_Dauwels,19
Patrick_Jaillet,Muhammad_Tayyab_Asif,17
Patrick_Jaillet,Nikola_Mitrovic,16
Patrick_Jaillet,Pradeep_Varakantham,12
Patrick_Jaillet,Vahideh_H._Manshadi,11
Patrick_Jaillet,Jie_Chen_0027,11
Patrick_Jaillet,Ali_Oran,10
Patrick_Jaillet,Yossiri_Adulyasak,9
Ronitt_Rubinfeld,Dana_Ron,38
Ronitt_Rubinfeld,Reut_Levi,21
Ronitt_Rubinfeld,Ravi_Kumar_0001,17
Ronitt_Rubinfeld,Anak_Yodpinyanee,13
Ronitt_Rubinfeld,Themis_Gouleakis,12
Ronitt_Rubinfeld,Funda_Ergün,11
Ronitt_Rubinfeld,Tugkan_Batu,11
Ronitt_Rubinfeld,Maryam_Aliakbarpour,10
Ronitt_Rubinfeld,Rocco_A._Servedio,10
Seth_J._Teller,Matthew_R._Walter,26
Seth_J._Teller,Matthew_E._Antone,19
Seth_J._Teller,John_J._Leonard,18
Seth_J._Teller,Edwin_Olson,11
Seth_J._Teller,Nicholas_Roy,10
Seth_J._Teller,Albert_S._Huang,10
Seth_J._Teller,Luke_Fletcher,10
Seth_J._Teller,Sachithra_Hemachandra,9
Seth_J._Teller,Satyan_R._Coorg,8
Duane_S._Boning,Hongge_Chen,10
Duane_S._Boning,Huan_Zhang_0001,8
Duane_S._Boning,Cho-Jui_Hsieh,8
Duane_S._Boning,Li_Yu_0009,7
Duane_S._Boning,Ibrahim_M._Elfadel,7
Duane_S._Boning,Karthik_Balakrishnan,6
Duane_S._Boning,Dimitri_A._Antoniadis,6
Duane_S._Boning,Sharad_Saxena,5
Duane_S._Boning,Rob_A._Rutenbar,4
Gregory_W._Wornell,Ashish_Khisti,25
Gregory_W._Wornell,Yuval_Kochman,23
Gregory_W._Wornell,Venkat_Chandar,19
Gregory_W._Wornell,Emin_Martinian,18
Gregory_W._Wornell,Uri_Erez,17
Gregory_W._Wornell,Gauri_Joshi,17
Gregory_W._Wornell,Da_Wang,16
Gregory_W._Wornell,Ligong_Wang,14
Gregory_W._Wornell,Aslan_Tchamkerten,13
Leslie_Pack_Kaelbling,Tomás_Lozano-Pérez,91
Leslie_Pack_Kaelbling,Caelan_Reed_Garrett,14
Leslie_Pack_Kaelbling,George_Konidaris,13
Leslie_Pack_Kaelbling,Thomas_L._Dean,12
Leslie_Pack_Kaelbling,Nicolas_Meuleau,12
Leslie_Pack_Kaelbling,Luke_S._Zettlemoyer,11
Leslie_Pack_Kaelbling,Zi_Wang,10
Leslie_Pack_Kaelbling,Michael_L._Littman,9
Leslie_Pack_Kaelbling,Beomjoon_Kim,9
Tommi_S._Jaakkola,Regina_Barzilay,33
Tommi_S._Jaakkola,David_Alvarez-Melis,20
Tommi_S._Jaakkola,Michael_I._Jordan,18
Tommi_S._Jaakkola,David_K._Gifford,15
Tommi_S._Jaakkola,Tao_Lei_0001,14
Tommi_S._Jaakkola,Amir_Globerson,13
Tommi_S._Jaakkola,Wengong_Jin,12
Tommi_S._Jaakkola,Tamir_Hazan,12
Tommi_S._Jaakkola,David_A._Sontag,10
Caroline_Uhler,Karren_D._Yang,6
Caroline_Uhler,Stephen_E._Fienberg,6
Caroline_Uhler,Chandler_Squires,5
Caroline_Uhler,Adityanarayanan_Radhakrishnan,5
Caroline_Uhler,Liam_Solus,4
Caroline_Uhler,Aleksandra_B._Slavkovic,4
Caroline_Uhler,Raj_Agrawal,3
Caroline_Uhler,Karthikeyan_Shanmugam,3
Caroline_Uhler,Fei_Yu_0005,3
Robert_C._Berwick,Sandiway_Fong,5
Robert_C._Berwick,Yingxu_Wang,4
Robert_C._Berwick,Igor_Malioutov,3
Robert_C._Berwick,Beracah_Yankama,3
Robert_C._Berwick,Samuel_F._Pilato,3
Robert_C._Berwick,Partha_Niyogi,3
Robert_C._Berwick,Witold_Kinsner,2
Robert_C._Berwick,Andrew_Ortegaray,2
Robert_C._Berwick,Matilde_Marcolli,2
Tamara_Broderick,Jonathan_H._Huggins,14
Tamara_Broderick,Trevor_Campbell,14
Tamara_Broderick,Michael_I._Jordan,10
Tamara_Broderick,Raj_Agrawal,8
Tamara_Broderick,Ryan_Giordano,5
Tamara_Broderick,Mikolaj_Kasprzak,4
Tamara_Broderick,Brian_L._Trippe,4
Tamara_Broderick,William_T._Stephenson,3
Tamara_Broderick,Berk_Kapicioglu,2
Rob_Miller_0001,David_R._Karger,33
Rob_Miller_0001,Brad_A._Myers,17
Rob_Miller_0001,Juho_Kim,15
Rob_Miller_0001,Greg_Little,15
Rob_Miller_0001,Michael_S._Bernstein,13
Rob_Miller_0001,Samuel_Madden,11
Rob_Miller_0001,Max_Goldman,11
Rob_Miller_0001,Adam_Marcus_0002,10
Rob_Miller_0001,Lydia_B._Chilton,10
Berthold_K._P._Horn,Yajun_Fang,18
Berthold_K._P._Horn,Yang_Liu,7
Berthold_K._P._Horn,Ichiro_Masaki,6
Berthold_K._P._Horn,Shahriar_Negahdaripour,4
Berthold_K._P._Horn,Liang_Wang_0018,4
Berthold_K._P._Horn,Patrick_Henry_Winston,3
Berthold_K._P._Horn,Xiushi_Wang,2
Berthold_K._P._Horn,Katsushi_Ikeuchi,2
Berthold_K._P._Horn,Anna_R._Bruss,2
Manya_Ghobadi,Yashar_Ganjali,8
Manya_Ghobadi,Klaus-Tycho_Förster,5
Manya_Ghobadi,Geoffrey_Salmon,4
Manya_Ghobadi,Ratul_Mahajan,4
Manya_Ghobadi,Nandita_Dukkipati,3
Manya_Ghobadi,Phillipa_Gill,3
Manya_Ghobadi,Gholamali_C._Shoja,3
Manya_Ghobadi,Sudhakar_Ganti,3
Manya_Ghobadi,Mark_Filer,3
Ankur_Moitra,Sanjeev_Arora,17
Ankur_Moitra,Rong_Ge_0001,17
Ankur_Moitra,Boaz_Barak,9
Ankur_Moitra,Ilias_Diakonikolas,9
Ankur_Moitra,Jerry_Li_0001,8
Ankur_Moitra,Frederic_Koehler,8
Ankur_Moitra,Alexander_S._Wein,7
Ankur_Moitra,Daniel_M._Kane,7
Ankur_Moitra,Alistair_Stewart,7
Srinivas_Devadas,Kurt_Keutzer,52
Srinivas_Devadas,Marten_van_Dijk,49
Srinivas_Devadas,Ling_Ren_0001,33
Srinivas_Devadas,A._Richard_Newton,32
Srinivas_Devadas,Christopher_W._Fletcher,27
Srinivas_Devadas,Abhijit_Ghosh,24
Srinivas_Devadas,Xiangyao_Yu,23
Srinivas_Devadas,G._Edward_Suh,23
Srinivas_Devadas,Ilia_A._Lebedev,21
Nir_Shavit,Maurice_Herlihy,28
Nir_Shavit,Alexander_Matveev,19
Nir_Shavit,Dan_Alistarh,15
Nir_Shavit,Danny_Hendler,14
Nir_Shavit,Mark_Moir,14
Nir_Shavit,Yehuda_Afek,12
Nir_Shavit,David_Dice,11
Nir_Shavit,Victor_Luchangco,11
Nir_Shavit,Dan_Touitou,10
Regina_Barzilay,Tommi_S._Jaakkola,33
Regina_Barzilay,Tao_Lei_0001,20
Regina_Barzilay,Karthik_Narasimhan,18
Regina_Barzilay,S._R._K._Branavan,16
Regina_Barzilay,Benjamin_Snyder,12
Regina_Barzilay,Jacob_Eisenstein,12
Regina_Barzilay,Yuan_Zhang_0001,11
Regina_Barzilay,Wengong_Jin,10
Regina_Barzilay,Tahira_Naseem,9
Bruce_Tidor,Jacob_K._White,7
Bruce_Tidor,Michael_D._Altman,4
Bruce_Tidor,Jaydeep_P._Bardhan,4
Bruce_Tidor,Isabel_Rocha,2
Bruce_Tidor,Jared_E._Toettcher,2
Bruce_Tidor,Rafael_S._Costa,2
Bruce_Tidor,Paul_I._Barton,2
Bruce_Tidor,Eugénio_C._Ferreira,2
Bruce_Tidor,Miguel_Rocha,2
Rahul_Sarpeshkar,Soumyajit_Mandal,15
Rahul_Sarpeshkar,Lorenzo_Turicchia,12
Rahul_Sarpeshkar,Michael_W._Baker,7
Rahul_Sarpeshkar,Ji-Jon_Sit,6
Rahul_Sarpeshkar,Sung_Sik_Woo,5
Rahul_Sarpeshkar,Scott_K._Arfin,5
Rahul_Sarpeshkar,Serhii_M._Zhak,5
Rahul_Sarpeshkar,Keng_Hoong_Wee,5
Rahul_Sarpeshkar,Maziar_Tavakoli,4
Manolis_Kellis,Mukul_S._Bansal,7
Manolis_Kellis,Soheil_Feizi,6
Manolis_Kellis,Muriel_Médard,5
Manolis_Kellis,Andrea_Califano,5
Manolis_Kellis,Gerald_T._Quon,5
Manolis_Kellis,Yi-Chieh_Wu,4
Manolis_Kellis,Ken_R._Duffy,4
Manolis_Kellis,Eric_J._Alm,4
Manolis_Kellis,Gustavo_Stolovitzky,4
Charles_E._Leiserson,Tao_B._Schardl,17
Charles_E._Leiserson,Bradley_C._Kuszmaul,15
Charles_E._Leiserson,I-Ting_Angelina_Lee,9
Charles_E._Leiserson,Kunal_Agrawal,9
Charles_E._Leiserson,Yuxiong_He,9
Charles_E._Leiserson,Keith_H._Randall,8
Charles_E._Leiserson,Matteo_Frigo,7
Charles_E._Leiserson,Robert_D._Blumofe,7
Charles_E._Leiserson,Jim_Sukha,6
Asuman_E._Ozdaglar,Daron_Acemoglu,32
Asuman_E._Ozdaglar,Pablo_A._Parrilo,26
Asuman_E._Ozdaglar,Muriel_Médard,22
Asuman_E._Ozdaglar,Ali_ParandehGheibi,20
Asuman_E._Ozdaglar,Atilla_Eryilmaz,16
Asuman_E._Ozdaglar,Ozan_Candogan,15
Asuman_E._Ozdaglar,Angelia_Nedic,14
Asuman_E._Ozdaglar,Ali_Jadbabaie,13
Asuman_E._Ozdaglar,John_N._Tsitsiklis,13
M._Frans_Kaashoek,Robert_Tappan_Morris,52
M._Frans_Kaashoek,Nickolai_Zeldovich,40
M._Frans_Kaashoek,Andrew_S._Tanenbaum,21
M._Frans_Kaashoek,Eddie_Kohler,18
M._Frans_Kaashoek,Dawson_R._Engler,15
M._Frans_Kaashoek,Xi_Wang_0005,14
M._Frans_Kaashoek,David_Mazières,14
M._Frans_Kaashoek,Hari_Balakrishnan,13
M._Frans_Kaashoek,Haogang_Chen_0001,11
Jeffrey_H._Lang,Anantha_Chandrakasan,5
Jeffrey_H._Lang,Marija_D._Ilic,3
Jeffrey_H._Lang,Sangbae_Kim,2
Jeffrey_H._Lang,Rajeevan_Amirtharajah,2
Jeffrey_H._Lang,Albert_Wang,2
Jeffrey_H._Lang,Ujwal_Radhakrishna,2
Jeffrey_H._Lang,Eric_H._Allen,2
Jeffrey_H._Lang,Eugene_Litvinov,2
Jeffrey_H._Lang,Sangok_Seok,2
Bonnie_Berger,Lenore_Cowen,17
Bonnie_Berger,Rohit_Singh_0001,14
Bonnie_Berger,Jian_Peng_0001,12
Bonnie_Berger,Jinbo_Xu,10
Bonnie_Berger,Diane_E._Kovats,10
Bonnie_Berger,Christiana_N._Fogg,8
Bonnie_Berger,Jérôme_Waldispühl,8
Bonnie_Berger,Srinivas_Devadas,7
Bonnie_Berger,Matthew_Menke,7
Vivienne_Sze,Anantha_Chandrakasan,20
Vivienne_Sze,Yu-Hsin_Chen,18
Vivienne_Sze,Zhengdong_Zhang,16
Vivienne_Sze,Amr_Suleiman,14
Vivienne_Sze,Joel_S._Emer,13
Vivienne_Sze,Tien-Ju_Yang,11
Vivienne_Sze,Madhukar_Budagavi,9
Vivienne_Sze,Sertac_Karaman,9
Vivienne_Sze,Mehul_Tikekar,5
Adam_Chlipala,Nickolai_Zeldovich,7
Adam_Chlipala,M._Frans_Kaashoek,6
Adam_Chlipala,Jason_Gross,6
Adam_Chlipala,Haogang_Chen_0001,5
Adam_Chlipala,Tej_Chajed,5
Adam_Chlipala,Dirk_Beyer_0001,4
Adam_Chlipala,Benjamin_Delaware,4
Adam_Chlipala,Clément_Pit-Claudel,4
Adam_Chlipala,Rupak_Majumdar,4
Julian_Shun,Guy_E._Blelloch,38
Julian_Shun,Yan_Gu_0001,16
Julian_Shun,Phillip_B._Gibbons,15
Julian_Shun,Jeremy_T._Fineman,14
Julian_Shun,Laxman_Dhulipala,8
Julian_Shun,Charles_McGuffey,6
Julian_Shun,Yihan_Sun_0001,5
Julian_Shun,Kimon_Fountoulakis,3
Julian_Shun,Michael_W._Mahoney,3
Ron_Weiss,Calin_Belta,7
Ron_Weiss,David_K._Gifford,5
Ron_Weiss,Grégory_Batt,4
Ron_Weiss,Subhayu_Basu,4
Ron_Weiss,Andrzej_Duda,4
Ron_Weiss,David_K._Karig,4
Ron_Weiss,Prashant_Vaidyanathan,3
Ron_Weiss,Nicholas_A._DeLateur,3
Ron_Weiss,Douglas_Densmore,3
Randall_Davis,Yale_Song,12
Randall_Davis,Jacob_Eisenstein,11
Randall_Davis,Thomas_F._Stahovich,10
Randall_Davis,Tracy_Anne_Hammond,9
Randall_Davis,Christine_Alvarado,8
Randall_Davis,Howard_E._Shrobe,8
Randall_Davis,T._Metin_Sezgin,8
Randall_Davis,Dana_L._Penney,6
Randall_Davis,Aaron_Adler,5
William_T._Freeman,Jiajun_Wu_0001,55
William_T._Freeman,Joshua_B._Tenenbaum,53
William_T._Freeman,Antonio_Torralba_0001,51
William_T._Freeman,Frédo_Durand,38
William_T._Freeman,Tianfan_Xue,25
William_T._Freeman,Ce_Liu,22
William_T._Freeman,Michael_Rubinstein,19
William_T._Freeman,Edward_H._Adelson,17
William_T._Freeman,Tali_Dekel,16
Julie_A._Shah,Matthew_C._Gombolay,17
Julie_A._Shah,Vaibhav_V._Unhelkar,10
Julie_A._Shah,Stefanos_Nikolaidis,10
Julie_A._Shah,Przemyslaw_A._Lasota,9
Julie_A._Shah,Ramya_Ramakrishnan,9
Julie_A._Shah,Been_Kim,8
Julie_A._Shah,Claudia_Pérez-D'Arpino,7
Julie_A._Shah,Brian_Charles_Williams,6
Julie_A._Shah,Joseph_Kim,6
Jacob_K._White,Luís_Miguel_Silveira,12
Jacob_K._White,Luca_Daniel,10
Jacob_K._White,Mattan_Kamon,9
Jacob_K._White,Kenneth_S._Kundert,7
Jacob_K._White,Yehia_Massoud,7
Jacob_K._White,Bruce_Tidor,7
Jacob_K._White,Keith_Nabors,6
Jacob_K._White,Lisa_Tucker-Kellogg,6
Jacob_K._White,Mark_W._Reichelt,6
Fadel_Adib,Dina_Katabi,12
Fadel_Adib,Yunfei_Ma,6
Fadel_Adib,Zachary_Kabelac,4
Fadel_Adib,Rob_Miller_0001,3
Fadel_Adib,Hongzi_Mao,3
Fadel_Adib,Nicholas_Selby,3
Fadel_Adib,Shyamnath_Gollakota,2
Fadel_Adib,Mingmin_Zhao,2
Fadel_Adib,Irene_Zhang,2
R._Ryan_Williams,Virginia_Vassilevska_Williams,19
R._Ryan_Williams,Cody_Murray,9
R._Ryan_Williams,Josh_Alman,6
R._Ryan_Williams,Amir_Abboud,6
R._Ryan_Williams,Lijie_Chen,6
R._Ryan_Williams,Rahul_Santhanam,6
R._Ryan_Williams,Daniel_M._Kane,5
R._Ryan_Williams,Raphael_Yuster,5
R._Ryan_Williams,Petteri_Kaski,4
Piotr_Indyk,Alexandr_Andoni,18
Piotr_Indyk,Ludwig_Schmidt,17
Piotr_Indyk,Sepideh_Mahabadi,16
Piotr_Indyk,Eric_Price,16
Piotr_Indyk,Ali_Vakilian,14
Piotr_Indyk,David_P._Woodruff,14
Piotr_Indyk,Arturs_Backurs,14
Piotr_Indyk,Rajeev_Motwani,13
Piotr_Indyk,Ilya_P._Razenshteyn,13
Devavrat_Shah,Balaji_Prabhakar,21
Devavrat_Shah,Urs_Niesen,15
Devavrat_Shah,Muriel_Médard,14
Devavrat_Shah,Kyomin_Jung,12
Devavrat_Shah,Jinwoo_Shin,12
Devavrat_Shah,Paolo_Giaccone,11
Devavrat_Shah,Guy_Bresler,11
Devavrat_Shah,Jay_Kumar_Sundararajan,11
Devavrat_Shah,Muhammad_J._Amjad,10
Alan_S._Willsky,W._Clem_Karl,33
Alan_S._Willsky,John_W._Fisher_III,27
Alan_S._Willsky,Anima_Anandkumar,21
Alan_S._Willsky,Müjdat_Çetin,20
Alan_S._Willsky,Erik_B._Sudderth,19
Alan_S._Willsky,Vincent_Yan_Fu_Tan,18
Alan_S._Willsky,Andy_Tsai,17
Alan_S._Willsky,Venkat_Chandrasekaran,17
Alan_S._Willsky,Martin_J._Wainwright,16
Nickolai_Zeldovich,M._Frans_Kaashoek,40
Nickolai_Zeldovich,Raluca_A._Popa,14
Nickolai_Zeldovich,Xi_Wang_0005,14
Nickolai_Zeldovich,Haogang_Chen_0001,12
Nickolai_Zeldovich,Taesoo_Kim,10
Nickolai_Zeldovich,Robert_Tappan_Morris,10
Nickolai_Zeldovich,Tej_Chajed,9
Nickolai_Zeldovich,David_Mazières,9
Nickolai_Zeldovich,Ramesh_Chandra,9
Victor_Zue,Stephanie_Seneff,49
Victor_Zue,Jim_Glass,34
Victor_Zue,Joseph_Polifroni,30
Victor_Zue,Michael_S._Phillips_0001,28
Victor_Zue,David_Goodine,18
Victor_Zue,Hong_C._Leung,18
Victor_Zue,Lynette_Hirschman,12
Victor_Zue,Helen_M._Meng,11
Victor_Zue,Christine_Pao,9
Daniel_Jackson_0001,Eunsuk_Kang,14
Daniel_Jackson_0001,Aleksandar_Milicevic,10
Daniel_Jackson_0001,Robert_Seater,7
Daniel_Jackson_0001,Joseph_P._Near,7
Daniel_Jackson_0001,Derek_Rayside,7
Daniel_Jackson_0001,Craig_Damon,6
Daniel_Jackson_0001,Greg_Dennis,5
Daniel_Jackson_0001,Emina_Torlak,5
Daniel_Jackson_0001,Felix_Sheng-Ho_Chang,4
David_K._Gifford,Tommi_S._Jaakkola,15
David_K._Gifford,Ziv_Bar-Joseph,7
David_K._Gifford,Pierre_Jouvelot,6
David_K._Gifford,James_O'Toole,6
David_K._Gifford,Mark_A._Sheldon,6
David_K._Gifford,Alexander_J._Hartemink,5
David_K._Gifford,Alfred_Z._Spector,5
David_K._Gifford,Andrzej_Duda,5
David_K._Gifford,Haoyang_Zeng,5
Russ_Tedrake,Anirudha_Majumdar,15
Russ_Tedrake,Robin_Deits,13
Russ_Tedrake,Peter_R._Florence,10
Russ_Tedrake,Mark_M._Tobenkin,10
Russ_Tedrake,Michael_Posa,9
Russ_Tedrake,Scott_Kuindersma,9
Russ_Tedrake,Hongkai_Dai,9
Russ_Tedrake,Lucas_Manuelli,8
Russ_Tedrake,Alexander_C._Shkolnik,8
Justin_Solomon,Adrian_Butscher,12
Justin_Solomon,Leonidas_J._Guibas,11
Justin_Solomon,Mirela_Ben-Chen,11
Justin_Solomon,Sebastian_Claici,10
Justin_Solomon,Edward_Chien,7
Justin_Solomon,Michael_M._Bronstein,6
Justin_Solomon,Mikhail_Bessmeltsev,6
Justin_Solomon,Vladimir_G._Kim,4
Justin_Solomon,Gabriel_Peyré,4
Samuel_Madden,Michael_Stonebraker,53
Samuel_Madden,Hari_Balakrishnan,34
Samuel_Madden,Daniel_J._Abadi,24
Samuel_Madden,Joseph_M._Hellerstein,21
Samuel_Madden,Eugene_Wu_0002,20
Samuel_Madden,Michael_J._Franklin,20
Samuel_Madden,Amol_Deshpande,20
Samuel_Madden,Alvin_Cheung,15
Samuel_Madden,Aaron_J._Elmore,15
Stefanie_Jegelka,Suvrit_Sra,18
Stefanie_Jegelka,Chengtao_Li,16
Stefanie_Jegelka,Jeff_A._Bilmes,11
Stefanie_Jegelka,Zi_Wang,10
Stefanie_Jegelka,Andreas_Krause_0001,9
Stefanie_Jegelka,Keyulu_Xu,9
Stefanie_Jegelka,Matthew_Staib,8
Stefanie_Jegelka,David_Alvarez-Melis,8
Stefanie_Jegelka,Hyun_Oh_Song,8
Vinod_Vaikuntanathan,Zvika_Brakerski,30
Vinod_Vaikuntanathan,Hoeteck_Wee,25
Vinod_Vaikuntanathan,Shafi_Goldwasser,19
Vinod_Vaikuntanathan,Sergey_Gorbunov_0001,16
Vinod_Vaikuntanathan,Craig_Gentry,16
Vinod_Vaikuntanathan,Nir_Bitansky,16
Vinod_Vaikuntanathan,Daniel_Wichs,15
Vinod_Vaikuntanathan,Tianren_Liu,11
Vinod_Vaikuntanathan,Yael_Tauman_Kalai,10
Pablo_A._Parrilo,Asuman_E._Ozdaglar,26
Pablo_A._Parrilo,Amir_Ali_Ahmadi,20
Pablo_A._Parrilo,James_Saunderson,12
Pablo_A._Parrilo,Alan_S._Willsky,11
Pablo_A._Parrilo,Hamza_Fawzi,11
Pablo_A._Parrilo,Ozan_Candogan,11
Pablo_A._Parrilo,Noah_D._Stein,10
Pablo_A._Parrilo,Parikshit_Shah,9
Pablo_A._Parrilo,Venkat_Chandrasekaran,8
Peter_Szolovits,Özlem_Uzuner,16
Peter_Szolovits,Marzyeh_Ghassemi,15
Peter_Szolovits,Isaac_S._Kohane,15
Peter_Szolovits,Yuan_Luo_0001,13
Peter_Szolovits,Franck_Dernoncourt,12
Peter_Szolovits,Ji_Young_Lee_0001,12
Peter_Szolovits,Leo_A._Celi,10
Peter_Szolovits,Wei-Hung_Weng,9
Peter_Szolovits,Shawn_N._Murphy,6
Tim_Kraska,Carsten_Binnig,34
Tim_Kraska,Michael_J._Franklin,33
Tim_Kraska,Emanuel_Zgraggen,20
Tim_Kraska,Donald_Kossmann,15
Tim_Kraska,Ugur_Çetintemel,14
Tim_Kraska,Alex_Galakatos,14
Tim_Kraska,Yeounoh_Chung,12
Tim_Kraska,Andrew_Crotty,12
Tim_Kraska,Samuel_Madden,10
David_R._Karger,Rob_Miller_0001,33
David_R._Karger,David_Huynh,19
David_R._Karger,Dennis_Quan,16
David_R._Karger,Amy_X._Zhang,14
David_R._Karger,Michael_S._Bernstein,14
David_R._Karger,Samuel_Madden,12
David_R._Karger,Hari_Balakrishnan,12
David_R._Karger,Vineet_Sinha,12
David_R._Karger,Adam_Marcus_0002,12
Phillip_Isola,Alexei_A._Efros,17
Phillip_Isola,Jun-Yan_Zhu,8
Phillip_Isola,Edward_H._Adelson,8
Phillip_Isola,Richard_Zhang_0001,8
Phillip_Isola,Aude_Oliva,6
Phillip_Isola,Antonio_Torralba_0001,5
Phillip_Isola,Dilip_Krishnan,5
Phillip_Isola,William_T._Freeman,4
Phillip_Isola,Pieter_Abbeel,4
Michael_Carbin,Martin_C._Rinard,14
Michael_Carbin,Sasa_Misailovic,9
Michael_Carbin,Saman_P._Amarasinghe,5
Michael_Carbin,Benjamin_Sherman,4
Michael_Carbin,Stelios_Sidiroglou-Douskos,3
Michael_Carbin,Jonathan_Frankle,3
Michael_Carbin,Adam_Chlipala,2
Michael_Carbin,Nesime_Tatbul,2
Michael_Carbin,Joshua_B._Tenenbaum,2
Max_M._Shulaker,H.-S._Philip_Wong,20
Max_M._Shulaker,Subhasish_Mitra,20
Max_M._Shulaker,Gage_Hills,16
Max_M._Shulaker,Hai_Wei,8
Max_M._Shulaker,Tony_F._Wu,6
Max_M._Shulaker,Hong-Yu_Chen,6
Max_M._Shulaker,Jelle_Van_Rethy,5
Max_M._Shulaker,Georges_G._E._Gielen,5
Max_M._Shulaker,Jie_Zhang_0007,5
Nancy_A._Lynch,Calvin_C._Newport,28
Nancy_A._Lynch,Michael_J._Fischer,24
Nancy_A._Lynch,Alan_Fekete,23
Nancy_A._Lynch,Alexander_A._Schwarzmann,23
Nancy_A._Lynch,Roberto_Segala,23
Nancy_A._Lynch,Seth_Gilbert,21
Nancy_A._Lynch,Dilsun_Kirli_Kaynar,16
Nancy_A._Lynch,Frits_W._Vaandrager,15
Nancy_A._Lynch,Muriel_Médard,15
Antonio_Torralba_0001,William_T._Freeman,51
Antonio_Torralba_0001,Aude_Oliva,36
Antonio_Torralba_0001,Bolei_Zhou,33
Antonio_Torralba_0001,Carl_Vondrick,29
Antonio_Torralba_0001,Joshua_B._Tenenbaum,25
Antonio_Torralba_0001,Aditya_Khosla,23
Antonio_Torralba_0001,Jiajun_Wu_0001,20
Antonio_Torralba_0001,Hamed_Pirsiavash,19
Antonio_Torralba_0001,Sanja_Fidler,18
Polina_Golland,Mert_R._Sabuncu,23
Polina_Golland,Bruce_Fischl,20
Polina_Golland,William_M._Wells_III,18
Polina_Golland,B._T._Thomas_Yeo,16
Polina_Golland,Adrian_V._Dalca,15
Polina_Golland,Miaomiao_Zhang,13
Polina_Golland,Christian_Wachinger,13
Polina_Golland,Danial_Lashkari,13
Polina_Golland,Koenraad_Van_Leemput,12
Silvio_Micali,Shafi_Goldwasser,26
Silvio_Micali,Oded_Goldreich_0001,21
Silvio_Micali,Jing_Chen_0017,13
Silvio_Micali,Leonid_Reyzin,11
Silvio_Micali,Zeyuan_Allen_Zhu,10
Silvio_Micali,Mihir_Bellare,9
Silvio_Micali,Alessandro_Chiesa,8
Silvio_Micali,Ronald_L._Rivest,8
Silvio_Micali,Charles_Rackoff,7
Ronald_L._Rivest,Ari_Juels,13
Ronald_L._Rivest,David_Chaum,11
Ronald_L._Rivest,Adi_Shamir,10
Ronald_L._Rivest,Alan_T._Sherman,10
Ronald_L._Rivest,Peter_Y._A._Ryan,10
Ronald_L._Rivest,Emily_Shen,9
Ronald_L._Rivest,Silvio_Micali,8
Ronald_L._Rivest,Marten_van_Dijk,8
Ronald_L._Rivest,Poorvi_L._Vora,8
Dina_Katabi,Swarun_Kumar,19
Dina_Katabi,Haitham_Hassanieh,19
Dina_Katabi,Hariharan_Rahul,17
Dina_Katabi,Omid_Abari,14
Dina_Katabi,Deepak_Vasisht,12
Dina_Katabi,Fadel_Adib,12
Dina_Katabi,Shyamnath_Gollakota,12
Dina_Katabi,Sachin_Katti,12
Dina_Katabi,Piotr_Indyk,11
Luca_Daniel,Zheng_Zhang_0005,27
Luca_Daniel,Paolo_Maffezzoni,17
Luca_Daniel,Tsui-Wei_Weng,15
Luca_Daniel,Ibrahim_M._Elfadel,14
Luca_Daniel,Tarek_A._El-Moselhy,11
Luca_Daniel,Jacob_K._White,10
Luca_Daniel,Pin-Yu_Chen,10
Luca_Daniel,Ngai_Wong,9
Luca_Daniel,Bradley_N._Bond,8
Virginia_Vassilevska_Williams,R._Ryan_Williams,19
Virginia_Vassilevska_Williams,Amir_Abboud,18
Virginia_Vassilevska_Williams,Liam_Roditty,12
Virginia_Vassilevska_Williams,Andrea_Lincoln,10
Virginia_Vassilevska_Williams,Arturs_Backurs,10
Virginia_Vassilevska_Williams,Gregory_Bodwin,8
Virginia_Vassilevska_Williams,Nicole_Wein,8
Virginia_Vassilevska_Williams,Fabrizio_Grandoni_0001,7
Virginia_Vassilevska_Williams,Josh_Alman,6
Martin_C._Rinard,Viktor_Kuncak,35
Martin_C._Rinard,Stelios_Sidiroglou-Douskos,18
Martin_C._Rinard,Sasa_Misailovic,15
Martin_C._Rinard,Fan_Long,15
Martin_C._Rinard,Pedro_C._Diniz,14
Martin_C._Rinard,Michael_Carbin,14
Martin_C._Rinard,Patrick_Lam_0001,12
Martin_C._Rinard,Karen_Zee,11
Martin_C._Rinard,Phillip_Stanley-Marbell,10
