Lada_A._Adamic,Mark_S._Ackerman,13
Lada_A._Adamic,Jiang_Yang,12
Lada_A._Adamic,Jon_M._Kleinberg,10
Lada_A._Adamic,Jure_Leskovec,9
Lada_A._Adamic,Bernardo_A._Huberman,9
Lada_A._Adamic,Eytan_Adar,9
Lada_A._Adamic,ChunYuen_Teng,8
Lada_A._Adamic,Justin_Cheng,7
Lada_A._Adamic,Xiaolin_Shi,6
Suhib_Alsisan,Niloy_J._Mitra,1
Suhib_Alsisan,Richard_Szeliski,1
Suhib_Alsisan,Johannes_Kopf,1
Suhib_Alsisan,Peter_Hedman,1
Michael_Auli,David_Grangier,33
Michael_Auli,Myle_Ott,16
Michael_Auli,Sergey_Edunov,14
Michael_Auli,Angela_Fan,13
Michael_Auli,Alexei_Baevski,13
Michael_Auli,Yann_N._Dauphin,9
Michael_Auli,Marc'Aurelio_Ranzato,9
Michael_Auli,Jianfeng_Gao,7
Michael_Auli,Michel_Galley,6
Diane_Tang,Chris_Stolte,7
Diane_Tang,Pat_Hanrahan,5
Diane_Tang,Mary_Baker,4
Diane_Tang,Daniel_M._Russell,3
Diane_Tang,Robert_Bosch,2
Diane_Tang,Robin_Jeffries,2
Diane_Tang,Deirdre_O'Brien,2
Diane_Tang,Trevor_Blackwell,1
Diane_Tang,Dong_Lin,1
Marco_Baroni,Angeliki_Lazaridou,22
Marco_Baroni,Germán_Kruszewski,15
Marco_Baroni,Nghia_The_Pham,13
Marco_Baroni,Georgiana_Dinu,12
Marco_Baroni,Raffaella_Bernardi,10
Marco_Baroni,Gemma_Boleda,9
Marco_Baroni,Diane_Bouchacourt,7
Marco_Baroni,Roberto_Zamparelli,7
Marco_Baroni,Denis_Paperno,7
Dhruv_Batra,Devi_Parikh,111
Dhruv_Batra,Stefan_Lee,45
Dhruv_Batra,Abhishek_Das,31
Dhruv_Batra,Jiasen_Lu,17
Dhruv_Batra,Aishwarya_Agrawal,16
Dhruv_Batra,Jianwei_Yang,15
Dhruv_Batra,C._Lawrence_Zitnick,14
Dhruv_Batra,Harsh_Agrawal,14
Dhruv_Batra,Yash_Goyal,13
Alexander_C._Berg,Tamara_L._Berg,35
Alexander_C._Berg,Eunbyung_Park,15
Alexander_C._Berg,Jia_Deng,11
Alexander_C._Berg,Yejin_Choi,11
Alexander_C._Berg,Cheng-Yang_Fu,10
Alexander_C._Berg,Yung-Hsiang_Lu,9
Alexander_C._Berg,Jitendra_Malik,9
Alexander_C._Berg,Xufeng_Han,9
Alexander_C._Berg,Fei-Fei_Li_0001,8
Sam_Blackshear,Bor-Yuh_Evan_Chang,5
Sam_Blackshear,Manu_Sridharan,3
Sam_Blackshear,Shuvendu_K._Lahiri,2
Sam_Blackshear,Emily_Kowalczyk,1
Sam_Blackshear,Tom_Yeh,1
Sam_Blackshear,Manuel_Fähndrich,1
Sam_Blackshear,Nikos_Gorogiannis,1
Sam_Blackshear,Atif_M._Memon,1
Sam_Blackshear,Francesco_Logozzo,1
Lindsay_Blackwell,Sarita_Yardi_Schoenebeck,5
Lindsay_Blackwell,Nicole_B._Ellison,3
Lindsay_Blackwell,Cliff_Lampe,3
Lindsay_Blackwell,Raz_Schwartz,2
Lindsay_Blackwell,Natasha_Elliott-Deflo,2
Lindsay_Blackwell,Jessica_E._Bodford,1
Lindsay_Blackwell,Jill_P._Dimond,1
Lindsay_Blackwell,Sarah_T._Roberts,1
Lindsay_Blackwell,Tawfiq_Ammari,1
Jessica_E._Bodford,Virginia_S._Y._Kwan,2
Jessica_E._Bodford,David_S._Sobota,1
Jessica_E._Bodford,Elissa_M._Redmiles,1
Jessica_E._Bodford,Lindsay_Blackwell,1
Antoine_Bordes,Jason_Weston,43
Antoine_Bordes,Nicolas_Usunier,17
Antoine_Bordes,Yoshua_Bengio,10
Antoine_Bordes,Léon_Bottou,9
Antoine_Bordes,Sumit_Chopra,9
Antoine_Bordes,Xavier_Glorot,8
Antoine_Bordes,Adam_Fisch,8
Antoine_Bordes,Samuel_Humeau,6
Antoine_Bordes,Alberto_García-Durán,6
Abhijit_Bose,Kang_G._Shin,12
Abhijit_Bose,Mohamed_A._El-Gendy,6
Abhijit_Bose,Haining_Wang,3
Abhijit_Bose,Craig_Labovitz,2
Abhijit_Bose,Farnam_Jahanian,2
Abhijit_Bose,Abha_Ahuja,2
Abhijit_Bose,Xin_Hu_0001,2
Abhijit_Bose,Winnie_Cheng,1
Abhijit_Bose,Jimeng_Sun,1
Nathan_Bronson,Lovro_Puzar,2
Nathan_Bronson,Prasad_Chakka,2
Nathan_Bronson,Mark_Marchukov,2
Nathan_Bronson,Peter_Dimov,2
Nathan_Bronson,George_Cabrera,2
Nathan_Bronson,Venkateshwaran_Venkataramani,2
Nathan_Bronson,Sachin_Kulkarni,2
Nathan_Bronson,Hui_Ding,2
Nathan_Bronson,Wyatt_Lloyd,2
Moira_Burke,Robert_E._Kraut,13
Moira_Burke,Cameron_Marlow,3
Moira_Burke,Justin_Cheng,2
Moira_Burke,Thomas_M._Lento,2
Moira_Burke,Anthony_J._Hornof,2
Moira_Burke,Erik_Nilsen,2
Moira_Burke,Elena_Goetz_Davis,2
Moira_Burke,Nicholas_Gorman,2
Moira_Burke,Yi-Chia_Wang,2
Neha_Chachra,Geoffrey_M._Voelker,4
Neha_Chachra,Stefan_Savage,4
Neha_Chachra,Chris_Grier,4
Neha_Chachra,Kirill_Levchenko,3
Neha_Chachra,Damon_McCoy,3
Neha_Chachra,Vern_Paxson,3
Neha_Chachra,Andreas_Pitsillidis,2
Neha_Chachra,Chris_Kanich,2
Neha_Chachra,Tristan_Halvorson,1
Satish_Chandra_0001,Manu_Sridharan,13
Satish_Chandra_0001,Saurabh_Sinha,9
Satish_Chandra_0001,Koushik_Sen,9
Satish_Chandra_0001,James_R._Larus,7
Satish_Chandra_0001,Suresh_Thummalapenta,7
Satish_Chandra_0001,Frank_Tip,5
Satish_Chandra_0001,Eran_Yahav,5
Satish_Chandra_0001,Mangala_Gowri_Nanda,5
Satish_Chandra_0001,Stephen_J._Fink,4
Priyam_Chatterjee,Peyman_Milanfar,9
Priyam_Chatterjee,Subhasis_Chaudhuri,3
Priyam_Chatterjee,Sujata_Mukherjee,1
Priyam_Chatterjee,Sing_Bing_Kang,1
Priyam_Chatterjee,Kartik_Venkataraman,1
Priyam_Chatterjee,Fei_Yang,1
Priyam_Chatterjee,Yasuyuki_Matsushita,1
Priyam_Chatterjee,Peter_Vajda,1
Priyam_Chatterjee,Zijian_He,1
Kevin_Chen,Silvio_Savarese,11
Kevin_Chen,Yan_Li_0008,4
Kevin_Chen,Christopher_Bongsoo_Choy,4
Kevin_Chen,Marynel_Vázquez,4
Kevin_Chen,Stanley_Wu,4
Kevin_Chen,Donald_Y._C._Lie,4
Kevin_Chen,Alvaro_Soto,4
Kevin_Chen,Jerry_Lopez,4
Kevin_Chen,Eugene_Shih,3
Wenlin_Chen,Yixin_Chen,20
Wenlin_Chen,Kilian_Q._Weinberger,13
Wenlin_Chen,James_T._Wilson,4
Wenlin_Chen,Yi_Mao,4
Wenlin_Chen,Stephen_Tyree,4
Wenlin_Chen,Yujie_He,4
Wenlin_Chen,Quan_Zhou,3
Wenlin_Chen,Zhicheng_Cui,3
Wenlin_Chen,Jacob_R._Gardner,2
Xinlei_Chen,Yong_Li_0008,19
Xinlei_Chen,Pei_Zhang_0001,17
Xinlei_Chen,Abhinav_Gupta_0001,17
Xinlei_Chen,Hae_Young_Noh,10
Xinlei_Chen,Marcus_Rohrbach,9
Xinlei_Chen,Lin_Zhang_0001,9
Xinlei_Chen,Dhruv_Batra,8
Xinlei_Chen,Devi_Parikh,8
Xinlei_Chen,Depeng_Jin,8
Soumith_Chintala,Arthur_Szlam,8
Soumith_Chintala,Yann_LeCun,7
Soumith_Chintala,Pierre_Sermanet,4
Soumith_Chintala,Gabriel_Synnaeve,4
Soumith_Chintala,Léon_Bottou,4
Soumith_Chintala,Marc'Aurelio_Ranzato,3
Soumith_Chintala,Mark_Tygert,3
Soumith_Chintala,Rob_Fergus,3
Soumith_Chintala,Nicolas_Usunier,3
Kyunghyun_Cho,Yoshua_Bengio,59
Kyunghyun_Cho,Çaglar_Gülçehre,15
Kyunghyun_Cho,Tapani_Raiko,14
Kyunghyun_Cho,Aaron_C._Courville,14
Kyunghyun_Cho,Douwe_Kiela,13
Kyunghyun_Cho,Orhan_Firat,13
Kyunghyun_Cho,Victor_O._K._Li,13
Kyunghyun_Cho,Jason_Weston,12
Kyunghyun_Cho,Jiatao_Gu,12
Michael_F._Cohen,Jue_Wang_0001,16
Michael_F._Cohen,Maneesh_Agrawala,14
Michael_F._Cohen,Brian_Curless,13
Michael_F._Cohen,Steven_J._Gortler,10
Michael_F._Cohen,Johannes_Kopf,10
Michael_F._Cohen,Matthew_Uyttendaele,10
Michael_F._Cohen,Richard_Szeliski,10
Michael_F._Cohen,David_Salesin,10
Michael_F._Cohen,Zicheng_Liu,9
Ronan_Collobert,Jason_Weston,24
Ronan_Collobert,Gabriel_Synnaeve,14
Ronan_Collobert,Pedro_H._O._Pinheiro,11
Ronan_Collobert,Dimitri_Palaz,9
Ronan_Collobert,Mathew_Magimai-Doss,8
Ronan_Collobert,Rémi_Lebret,8
Ronan_Collobert,Samy_Bengio,8
Ronan_Collobert,Yanjun_Qi,7
Ronan_Collobert,Nicolas_Usunier,6
Jinsong_Su,Deyi_Xiong,33
Jinsong_Su,Biao_Zhang_0002,26
Jinsong_Su,Rongrong_Ji,14
Jinsong_Su,Yang_Liu_0005,14
Jinsong_Su,Yidong_Chen,12
Jinsong_Su,Xiaodong_Shi,11
Jinsong_Su,Qun_Liu,8
Jinsong_Su,Changxing_Wu,8
Jinsong_Su,Linfeng_Song,7
Camille_Couprie,Yann_LeCun,15
Camille_Couprie,Laurent_Najman,14
Camille_Couprie,Hugues_Talbot,9
Camille_Couprie,Leo_J._Grady,8
Camille_Couprie,Clément_Farabet,7
Camille_Couprie,Pauline_Luc,7
Camille_Couprie,Jakob_J._Verbeek,6
Camille_Couprie,Jean-Christophe_Pesquet,6
Camille_Couprie,Laurent_Duval,6
Paul_Crook,Li_Deng_0001,2
Paul_Crook,Xuesong_Yang,2
Paul_Crook,Xiujun_Li,2
Paul_Crook,Jianfeng_Gao,2
Paul_Crook,Yun-Nung_Chen,2
Paul_Crook,Dilek_Hakkani-Tür,2
Paul_Crook,Julia_Allan,1
Paul_Crook,Y-Lan_Boureau,1
Paul_Crook,Kenneth_C._Scott-Brown,1
Qingyuan_Deng,Ricardo_Bianchini,7
Qingyuan_Deng,Thomas_F._Wenisch,4
Qingyuan_Deng,David_Meisner,4
Qingyuan_Deng,Yanpei_Liu,3
Qingyuan_Deng,Stark_C._Draper,3
Qingyuan_Deng,Guilherme_Cox,3
Qingyuan_Deng,Luiz_E._Ramos,2
Qingyuan_Deng,Abhishek_Bhattacharjee,2
Qingyuan_Deng,Chang-Hong_Hsu,2
Dino_Distefano,Peter_W._O'Hearn,12
Dino_Distefano,Cristiano_Calcagno,10
Dino_Distefano,Hongseok_Yang,8
Dino_Distefano,Arend_Rensink,5
Dino_Distefano,Joost-Pieter_Katoen,4
Dino_Distefano,Radu_Grigore,4
Dino_Distefano,Byron_Cook,4
Dino_Distefano,Josh_Berdine,4
Dino_Distefano,Rasmus_Lerchedahl_Petersen,3
Matthijs_Douze,Hervé_Jégou,41
Matthijs_Douze,Cordelia_Schmid,32
Matthijs_Douze,Alexandre_Sablayrolles,9
Matthijs_Douze,Jérôme_Revaud,7
Matthijs_Douze,Zaïd_Harchaoui,7
Matthijs_Douze,Florent_Perronnin,6
Matthijs_Douze,Vincent_Charvillat,4
Matthijs_Douze,Mattis_Paulin,4
Matthijs_Douze,Piotr_Bojanowski,3
Paige_Maas,Danaë_Metaxa,1
Paige_Maas,Daniel_P._Aldrich,1
Dmytro_Dzhulgakov,Bill_Jia,3
Dmytro_Dzhulgakov,Xiaodong_Wang,3
Dmytro_Dzhulgakov,Mikhail_Smelyanskiy,3
Dmytro_Dzhulgakov,James_Law,2
Dmytro_Dzhulgakov,Vijay_Rao,2
Dmytro_Dzhulgakov,Kim_M._Hazelwood,2
Dmytro_Dzhulgakov,Maxim_Naumov,2
Dmytro_Dzhulgakov,Jongsoo_Park,2
Dmytro_Dzhulgakov,Utku_Diril,2
Arash_Einolghozati,Faramarz_Fekri,30
Arash_Einolghozati,Mohsen_Sardari,18
Arash_Einolghozati,Ahmad_Beirami,6
Arash_Einolghozati,Erman_Ayday,4
Arash_Einolghozati,Jun_Zou,4
Arash_Einolghozati,Afshin_Abdi,3
Arash_Einolghozati,Prashant_Shiralkar,2
Arash_Einolghozati,Xin_Dong_0001,2
Arash_Einolghozati,Colin_Lockard,2
Haoqi_Fan_0001,Kris_Makoto_Kitani,4
Haoqi_Fan_0001,Kaiming_He,3
Haoqi_Fan_0001,Christoph_Feichtenhofer,3
Haoqi_Fan_0001,Donghyun_Yoo,2
Haoqi_Fan_0001,Minghuang_Ma,2
Haoqi_Fan_0001,Chao-Yuan_Wu,2
Haoqi_Fan_0001,Philipp_Krähenbühl,2
Haoqi_Fan_0001,Vishnu_Naresh_Boddeti,2
Haoqi_Fan_0001,Ross_B._Girshick,2
Umer_Farooq,John_M._Carroll,27
Umer_Farooq,Habib_Mehrez,15
Umer_Farooq,Craig_H._Ganoe,12
Umer_Farooq,Mary_Beth_Rosson,12
Umer_Farooq,Lu_Xiao_0002,9
Umer_Farooq,Zied_Marrakchi,9
Umer_Farooq,Cecelia_Merkel,6
Umer_Farooq,Imran_Baig,6
Umer_Farooq,Muhammad_Khurram_Bhatti,5
Jonas_Gehring,Alex_Waibel,8
Jonas_Gehring,Gabriel_Synnaeve,5
Jonas_Gehring,Quoc_Bao_Nguyen,5
Jonas_Gehring,Kevin_Kilgour,5
Jonas_Gehring,Yann_N._Dauphin,4
Jonas_Gehring,Vasil_Khalidov,4
Jonas_Gehring,David_Grangier,4
Jonas_Gehring,Zeming_Lin,4
Jonas_Gehring,Michael_Auli,4
Mohammad_Ghavamzadeh,Alessandro_Lazaric,22
Mohammad_Ghavamzadeh,Yinlam_Chow,21
Mohammad_Ghavamzadeh,Csaba_Szepesvári,13
Mohammad_Ghavamzadeh,Shie_Mannor,13
Mohammad_Ghavamzadeh,Branislav_Kveton,13
Mohammad_Ghavamzadeh,Rémi_Munos,12
Mohammad_Ghavamzadeh,Georgios_Theocharous,11
Mohammad_Ghavamzadeh,Sridhar_Mahadevan,11
Mohammad_Ghavamzadeh,Victor_Gabillon,8
Georgia_Gkioxari,Ross_B._Girshick,13
Georgia_Gkioxari,Jitendra_Malik,11
Georgia_Gkioxari,Dhruv_Batra,9
Georgia_Gkioxari,Stefan_Lee,7
Georgia_Gkioxari,Abhishek_Das,7
Georgia_Gkioxari,Devi_Parikh,7
Georgia_Gkioxari,Kaiming_He,6
Georgia_Gkioxari,Piotr_Dollár,6
Georgia_Gkioxari,Samyak_Datta,5
Qucheng_Gong,Yuandong_Tian,6
Qucheng_Gong,C._Lawrence_Zitnick,4
Qucheng_Gong,Shubho_Sengupta,2
Qucheng_Gong,James_Pinkerton,2
Qucheng_Gong,Wenling_Shang,2
Qucheng_Gong,Yuxin_Wu,2
Qucheng_Gong,Jerry_Ma,2
Qucheng_Gong,Zhuoyuan_Chen,2
Qucheng_Gong,Hengyuan_Hu,1
Albert_Gordo,Ernest_Valveny,13
Albert_Gordo,Florent_Perronnin,12
Albert_Gordo,Jon_Almazán,11
Albert_Gordo,Alicia_Fornés,9
Albert_Gordo,Diane_Larlus,6
Albert_Gordo,Jérôme_Revaud,4
Albert_Gordo,Josep_Lladós_0001,4
Albert_Gordo,Juan_Miguel_Vilar,3
Albert_Gordo,Federico_Prat,3
Priya_Goyal,Ross_B._Girshick,3
Priya_Goyal,Kaiming_He,3
Priya_Goyal,Piotr_Dollár,3
Priya_Goyal,Tsung-Yi_Lin,2
Priya_Goyal,Theodoros_Theodoridis,1
Priya_Goyal,Lukasz_Wesolowski,1
Priya_Goyal,William_S._Moses,1
Priya_Goyal,Zach_DeVito,1
Priya_Goyal,Abhinav_Gupta_0001,1
Benjamin_Graham,Laurens_van_der_Maaten,3
Benjamin_Graham,Hervé_Jégou,3
Benjamin_Graham,Rémi_Gribonval,3
Benjamin_Graham,Pierre_Stock,3
Benjamin_Graham,Martin_Engelcke,3
Benjamin_Graham,Jeremy_Reizenstein,2
Benjamin_Graham,Leigh_Robinson,2
Benjamin_Graham,Mingchao_Sun,1
Benjamin_Graham,Jared_Lafer,1
Sam_Gross,Adam_Lerer,6
Sam_Gross,Arthur_Szlam,3
Sam_Gross,Myle_Ott,3
Sam_Gross,Marc'Aurelio_Ranzato,3
Sam_Gross,Rob_Fergus,3
Sam_Gross,Sergey_Edunov,2
Sam_Gross,Michael_Auli,2
Sam_Gross,Soumith_Chintala,2
Sam_Gross,Tuomas_Sandholm,2
Sonal_Gupta,Christopher_D._Manning,8
Sonal_Gupta,Rushin_Shah,6
Sonal_Gupta,Mike_Lewis,5
Sonal_Gupta,Mrinal_Mohit,4
Sonal_Gupta,Jeffrey_Heer,3
Sonal_Gupta,Raymond_J._Mooney,3
Sonal_Gupta,Sebastian_Schuster,2
Sonal_Gupta,Anuj_Kumar,2
Sonal_Gupta,Diana_L._MacLean,2
Mark_Harman,Yue_Jia_0001,55
Mark_Harman,Dave_W._Binkley,55
Mark_Harman,Robert_M._Hierons,53
Mark_Harman,Sebastian_Danicic,37
Mark_Harman,Jens_Krinke,29
Mark_Harman,William_B._Langdon,28
Mark_Harman,Yuanyuan_Zhang_0003,27
Mark_Harman,Shin_Yoo,27
Mark_Harman,Federica_Sarro,21
Kim_M._Hazelwood,David_Brooks_0001,10
Kim_M._Hazelwood,Robert_S._Cohn,5
Kim_M._Hazelwood,Apala_Guha,5
Kim_M._Hazelwood,Xiaodong_Wang,5
Kim_M._Hazelwood,Mary_Lou_Soffa,5
Kim_M._Hazelwood,Bill_Jia,5
Kim_M._Hazelwood,Gu-Yeon_Wei,5
Kim_M._Hazelwood,Michael_D._Smith_0001,5
Kim_M._Hazelwood,Mikhail_Smelyanskiy,4
Jing_Huang,Jianhua_Ma,17
Jing_Huang,Zhaoying_Bian,14
Jing_Huang,Wufan_Chen,14
Jing_Huang,Xiaodong_He,12
Jing_Huang,Bowen_Zhou,12
Jing_Huang,Karthik_Visweswariah,11
Jing_Huang,Gerasimos_Potamianos,11
Jing_Huang,Yong_Chen,10
Jing_Huang,Yun_Tang,10
Yangqing_Jia,Trevor_Darrell,21
Yangqing_Jia,Changshui_Zhang,13
Yangqing_Jia,Oriol_Vinyals,7
Yangqing_Jia,Yiming_Wu,6
Yangqing_Jia,Jingdong_Wang,5
Yangqing_Jia,Peizhao_Zhang,5
Yangqing_Jia,Fei_Sun,5
Yangqing_Jia,Peter_Vajda,5
Yangqing_Jia,Sergey_Karayev,5
Jeff_Johnson,Matthijs_Douze,3
Jeff_Johnson,Hervé_Jégou,3
Jeff_Johnson,Michaël_Mathieu,1
Jeff_Johnson,Md._Ahsan_Habib,1
Jeff_Johnson,Felix_Stalder,1
Jeff_Johnson,David_Duis,1
Jeff_Johnson,Nicolas_Vasilache,1
Jeff_Johnson,Paulo_Trezentos,1
Jeff_Johnson,Robert_Guerra,1
Cheng_Ju,Lihua_Lei,3
Cheng_Ju,Michael_I._Jordan,2
Cheng_Ju,Jianbo_Chen,2
Cheng_Ju,Changhong_Li,1
Cheng_Ju,Mengxin_Ji,1
Cheng_Ju,Min_Zhang,1
Cheng_Ju,Qi_Guo,1
Cheng_Ju,Qingshan_Ni,1
Cheng_Ju,Lidong_Zhu,1
Yannis_Kalantidis,Marcus_Rohrbach,12
Yannis_Kalantidis,Yannis_Avrithis,9
Yannis_Kalantidis,Jiashi_Feng,8
Yannis_Kalantidis,Shuicheng_Yan,7
Yannis_Kalantidis,Giorgos_Tolias,7
Yannis_Kalantidis,Yunpeng_Chen,7
Yannis_Kalantidis,David_A._Shamma,7
Yannis_Kalantidis,Zhicheng_Yan,6
Yannis_Kalantidis,Sachin_Farfade,5
Aditya_Kalro,Duen_Horng_Chau,2
Aditya_Kalro,Minsuk_Kahng,2
Aditya_Kalro,Pierre_Y._Andrews,2
Aditya_Kalro,Kim_M._Hazelwood,1
Aditya_Kalro,Soumith_Chintala,1
Aditya_Kalro,Xiaodong_Wang,1
Aditya_Kalro,Liang_Xiong,1
Aditya_Kalro,Yangqing_Jia,1
Aditya_Kalro,Mikhail_Smelyanskiy,1
Shankar_Kalyanaraman,Christopher_Umans,8
Shankar_Kalyanaraman,Lakshminarayanan_Subramanian,2
Shankar_Kalyanaraman,Talal_Ahmad,2
Shankar_Kalyanaraman,Maaz_Bin_Safeer,1
Shankar_Kalyanaraman,Sushma_Bannur,1
Shankar_Kalyanaraman,Umar_Saif,1
Shankar_Kalyanaraman,Vanessa_Frías-Martínez,1
Shankar_Kalyanaraman,Kartikay_Khandelwal,1
Shankar_Kalyanaraman,Mor_Naaman,1
Brian_Karrer,Mark_E._J._Newman,6
Brian_Karrer,Igor_Kabiljo,5
Brian_Karrer,Alon_Shalita,5
Brian_Karrer,Sergey_Pupyrev,4
Brian_Karrer,Johan_Ugander,4
Brian_Karrer,Eytan_Bakshy,4
Brian_Karrer,Alessandro_Presta,3
Brian_Karrer,Lars_Backstrom,3
Brian_Karrer,Christian_Borgs,2
Vasil_Khalidov,Florence_Forbes,6
Vasil_Khalidov,Radu_Horaud,6
Vasil_Khalidov,Zeming_Lin,4
Vasil_Khalidov,Jonas_Gehring,4
Vasil_Khalidov,Jean-Marc_Odobez,4
Vasil_Khalidov,Gabriel_Synnaeve,4
Vasil_Khalidov,David_Klotz,3
Vasil_Khalidov,Miles_E._Hansard,3
Vasil_Khalidov,Britta_Wrede,3
Douwe_Kiela,Jason_Weston,16
Douwe_Kiela,Stephen_Clark,13
Douwe_Kiela,Kyunghyun_Cho,13
Douwe_Kiela,Maximilian_Nickel,11
Douwe_Kiela,Anna_Korhonen,7
Douwe_Kiela,Arthur_Szlam,7
Douwe_Kiela,Alexis_Conneau,6
Douwe_Kiela,Ivan_Vulic,6
Douwe_Kiela,Jack_Urbanek,6
Alexander_Kirillov,Carsten_Rother,16
Alexander_Kirillov,Bogdan_Savchynskyy,10
Alexander_Kirillov,Kaiming_He,5
Alexander_Kirillov,Ross_B._Girshick,5
Alexander_Kirillov,Bjoern_Andres,4
Alexander_Kirillov,Evgeny_Levinkov,4
Alexander_Kirillov,Piotr_Dollár,4
Alexander_Kirillov,Shuai_Zheng_0001,3
Alexander_Kirillov,Dmitry_P._Vetrov,3
Farshad_Kooti,Kristina_Lerman,15
Farshad_Kooti,Mihajlo_Grbovic,7
Farshad_Kooti,Luca_Maria_Aiello,7
Farshad_Kooti,Nathan_Oken_Hodas,4
Farshad_Kooti,Eric_Bax,4
Farshad_Kooti,Krishna_P._Gummadi,4
Farshad_Kooti,Vladan_Radosavljevic,3
Farshad_Kooti,Nemanja_Djuric,3
Farshad_Kooti,Winter_A._Mason,3
Johannes_Kopf,Daniel_Cohen-Or,11
Johannes_Kopf,Michael_F._Cohen,10
Johannes_Kopf,Dani_Lischinski,9
Johannes_Kopf,Richard_Szeliski,6
Johannes_Kopf,Oliver_Deussen,6
Johannes_Kopf,Hadar_Averbuch-Elor,5
Johannes_Kopf,Jia-Bin_Huang,5
Johannes_Kopf,Michael_Goesele,5
Johannes_Kopf,Narendra_Ahuja,5
Christian_Kroer,Tuomas_Sandholm,33
Christian_Kroer,Gabriele_Farina,19
Christian_Kroer,Eric_Sodomka,6
Christian_Kroer,Nicolás_E._Stier_Moses,6
Christian_Kroer,Alexander_Peysakhovich,5
Christian_Kroer,Vincent_Conitzer,4
Christian_Kroer,Fatma_Kilinç-Karzan,3
Christian_Kroer,Kevin_Waugh,3
Christian_Kroer,Noam_Brown,3
Brenden_M._Lake,Joshua_B._Tenenbaum,10
Brenden_M._Lake,Todd_M._Gureckis,8
Brenden_M._Lake,Anselm_Rothe,6
Brenden_M._Lake,Marco_Baroni,6
Brenden_M._Lake,Ruslan_Salakhutdinov,4
Brenden_M._Lake,Reuben_Feinman,4
Brenden_M._Lake,James_L._McClelland,2
Brenden_M._Lake,Tal_Linzen,2
Brenden_M._Lake,João_Loula,2
Yann_LeCun,Léon_Bottou,20
Yann_LeCun,Yoshua_Bengio,19
Yann_LeCun,John_S._Denker,17
Yann_LeCun,Joan_Bruna,17
Yann_LeCun,Camille_Couprie,15
Yann_LeCun,Arthur_Szlam,15
Yann_LeCun,Michaël_Mathieu,15
Yann_LeCun,Pierre_Sermanet,14
Yann_LeCun,Mikael_Henaff,13
Nektarios_Leontiadis,Nicolas_Christin,5
Nektarios_Leontiadis,Tyler_Moore,4
Nektarios_Leontiadis,Louis_F._DeKoven,2
Nektarios_Leontiadis,Geoffrey_M._Voelker,2
Nektarios_Leontiadis,Nikos_Kefalakis,2
Nektarios_Leontiadis,John_Soldatos,2
Nektarios_Leontiadis,Stefan_Savage,2
Nektarios_Leontiadis,Didier_Donsez,2
Nektarios_Leontiadis,Trevor_Pottinger,1
Mike_Lewis,Luke_S._Zettlemoyer,13
Mike_Lewis,Kenton_Lee,6
Mike_Lewis,Mark_Steedman,6
Mike_Lewis,Yann_N._Dauphin,6
Mike_Lewis,Luheng_He,6
Mike_Lewis,Denis_Yarats,5
Mike_Lewis,Rushin_Shah,5
Mike_Lewis,Sonal_Gupta,5
Mike_Lewis,Angela_Fan,5
Nan_Li,Zhi-Hua_Zhou,15
Nan_Li,Hui_Xu,11
Nan_Li,Longin_Jan_Latecki,8
Nan_Li,Pierre_Dillenbourg,7
Nan_Li,Rong_Jin,7
Nan_Li,Guanling_Chen,7
Nan_Li,Yinan_Wang,7
Nan_Li,Daqing_Zhang_0001,6
Nan_Li,Jianzhong_Cha,6
Wei_Li,Zibin_Dai,11
Wei_Li,Yunchun_Li,10
Wei_Li,Chenglu_Sun,9
Wei_Li,Haohao_Li,9
Wei_Li,Jie_Wang,9
Wei_Li,Peng_Ren,8
Wei_Li,Shaogang_Gong,8
Wei_Li,Dazhe_Zhao,8
Wei_Li,Qiuqi_Ruan,8
Xian_Li,Dongping_Li,9
Xian_Li,Weiyi_Meng,9
Xian_Li,Ye_Sun,8
Xian_Li,Klaus_Schneider_0001,7
Xian_Li,Changyin_Sun,6
Xian_Li,Yueyue_Zhou,6
Xian_Li,Xin_Dong_0001,6
Xian_Li,Yanhui_Wang,6
Xian_Li,Qiuling_Tang,5
Ying_Li,Yanning_Zhang,18
Ying_Li,Mung_Chiang,13
Ying_Li,Chitra_Dorai,13
Ying_Li,A._Robert_Calderbank,12
Ying_Li,Yong_Xue,11
Ying_Li,Jie_Guang,11
Ying_Li,C.-C._Jay_Kuo,10
Ying_Li,Sharath_Pankanti,9
Ying_Li,Jianwei_Niu_0002,9
Yixuan_Li,John_E._Hopcroft,17
Yixuan_Li,David_Bindel,6
Yixuan_Li,Kun_He_0001,6
Yixuan_Li,Shiyu_Liang,5
Yixuan_Li,R._Srikant_0001,5
Yixuan_Li,Dhruv_Kumar_Mahajan,4
Yixuan_Li,Laurens_van_der_Maaten,4
Yixuan_Li,Ruoyu_Sun,3
Yixuan_Li,Kilian_Q._Weinberger,3
Chiunlin_Lim,Ao_Tang,7
Chiunlin_Lim,Hakim_Weatherspoon,3
Chiunlin_Lim,Han_Wang,3
Chiunlin_Lim,Ki-Suh_Lee,3
Chiunlin_Lim,Nate_Foster,2
Chiunlin_Lim,Ning_Wu,2
Chiunlin_Lim,Petr_Lapukhov,2
Chiunlin_Lim,Praveen_Kumar,2
Chiunlin_Lim,Robert_D._Kleinberg,2
Zeming_Lin,Gabriel_Synnaeve,11
Zeming_Lin,Nicolas_Usunier,8
Zeming_Lin,Vasil_Khalidov,4
Zeming_Lin,Jonas_Gehring,4
Zeming_Lin,Yanjun_Qi,4
Zeming_Lin,Jack_Lanchantin,3
Zeming_Lin,Soumith_Chintala,3
Zeming_Lin,Nantas_Nardelli,3
Zeming_Lin,Philip_H._S._Torr,2
Baiyang_Liu,Casimir_A._Kulikowski,6
Baiyang_Liu,Lin_Yang,5
Baiyang_Liu,David_J._Foran,3
Baiyang_Liu,Junzhou_Huang,3
Baiyang_Liu,Leiguang_Gong,3
Baiyang_Liu,Dmitriy_Serdyuk,2
Baiyang_Liu,Ning_J._Yue,2
Baiyang_Liu,Yongqiang_Wang,2
Baiyang_Liu,Yoshua_Bengio,2
Honglei_Liu,Yunzhou_Zhang,3
Honglei_Liu,Anuj_Kumar,3
Honglei_Liu,Zeyu_Wang,2
Honglei_Liu,Seungwhan_Moon,2
Honglei_Liu,Xiaochun_Yang_0001,2
Honglei_Liu,Bin_Wang_0015,2
Honglei_Liu,Jack_Goetz,2
Honglei_Liu,Xiaohua_Zhang,2
Honglei_Liu,Duc_Bui,2
Dionysios_Logothetis,Ken_Yocum,7
Dionysios_Logothetis,Georgos_Siganos,5
Dionysios_Logothetis,Claudio_Martella,5
Dionysios_Logothetis,Félix_Cuadrado,3
Dionysios_Logothetis,Maja_Kabiljo,3
Dionysios_Logothetis,Kevin_C._Webb,3
Dionysios_Logothetis,Luis_Miguel_Vaquero_González,3
Dionysios_Logothetis,Sergey_Edunov,3
Dionysios_Logothetis,Avery_Ching,3
Yael_Maguire,Ravikanth_Pappu,2
Yael_Maguire,Edward_S._Boyden,2
Yael_Maguire,Neil_Gershenfeld,2
Yael_Maguire,Thad_Starner,2
Yael_Maguire,Matthew_D._Hancher,1
Yael_Maguire,Michel_M._Maharbiz,1
Yael_Maguire,Mikhail_G._Shapiro,1
Yael_Maguire,Olufemi_Omojola,1
Yael_Maguire,Bradley_M._Zamft,1
Devi_Parikh,Oleksandr_Maksymets,3
Devi_Parikh,Erik_Wijmans,3
Devi_Parikh,Dhruv_Batra,3
Devi_Parikh,Samyak_Datta,2
Devi_Parikh,Irfan_Essa,2
Devi_Parikh,Abhishek_Das,2
Devi_Parikh,Georgia_Gkioxari,2
Devi_Parikh,Stefan_Lee,2
Devi_Parikh,Yili_Zhao,1
Benjamin_Thomsen,Hamidreza_Bolandhemmat,1
Benjamin_Thomsen,Jack_Marriott,1
Kevin_Matzen,Noah_Snavely,5
Kevin_Matzen,Johannes_Kopf,3
Kevin_Matzen,Dillon_Yao,2
Kevin_Matzen,Ren_Ng,2
Kevin_Matzen,Xuaner_Cecilia_Zhang,2
Kevin_Matzen,Jia-Bin_Huang,2
Kevin_Matzen,You_Zhang,2
Kevin_Matzen,Vivien_Nguyen,2
Kevin_Matzen,Narendra_Ahuja,2
Justin_Meza,Onur_Mutlu,12
Justin_Meza,Parthasarathy_Ranganathan,6
Justin_Meza,Kaushik_Veeraraghavan,5
Justin_Meza,Mehul_A._Shah,4
Justin_Meza,HanBin_Yoon,4
Justin_Meza,Qiang_Wu,3
Justin_Meza,Sonia_Margulis,3
Justin_Meza,Yee_Jiun_Song,3
Justin_Meza,Sanjeev_Kumar,3
Xianghang_Mi,XiaoFeng_Wang_0001,11
Xianghang_Mi,Feng_Qian,6
Xianghang_Mi,Xiaojing_Liao,5
Xianghang_Mi,Nan_Zhang,4
Xianghang_Mi,Sumayah_A._Alrwais,3
Xianghang_Mi,Peng_Wang,3
Xianghang_Mi,Xuan_Feng,3
Xianghang_Mi,Yuan_Tian_0001,3
Xianghang_Mi,Kehuan_Zhang,2
Tomas_Mikolov,Armand_Joulin,27
Tomas_Mikolov,Edouard_Grave,17
Tomas_Mikolov,Piotr_Bojanowski,14
Tomas_Mikolov,Lukás_Burget,11
Tomas_Mikolov,Jan_Cernocký,8
Tomas_Mikolov,Stefan_Kombrink,6
Tomas_Mikolov,Ondrej_Glembek,5
Tomas_Mikolov,Anoop_Deoras,5
Tomas_Mikolov,Jeffrey_Dean,5
Alexander_H._Miller,Jason_Weston,15
Alexander_H._Miller,Sumit_Chopra,5
Alexander_H._Miller,Antoine_Bordes,5
Alexander_H._Miller,Marc'Aurelio_Ranzato,4
Alexander_H._Miller,Will_Feng,4
Alexander_H._Miller,Jiwei_Li,4
Alexander_H._Miller,Arthur_Szlam,4
Alexander_H._Miller,Adam_Fisch,4
Alexander_H._Miller,Jack_Urbanek,3
Kevin_Milner,Luke_Garratt,2
Kevin_Milner,Jon_Millican,2
Kevin_Milner,Cas_J._F._Cremers,2
Kevin_Milner,Katriel_Cohn-Gordon,2
Vivek_Natarajan,George_Weiss,8
Vivek_Natarajan,Joseph_Bentsman,5
Vivek_Natarajan,Marcus_Rohrbach,3
Vivek_Natarajan,Devi_Parikh,3
Vivek_Natarajan,Dhruv_Batra,3
Vivek_Natarajan,Xinlei_Chen,3
Vivek_Natarajan,Sencun_Zhu,3
Vivek_Natarajan,Yu_Jiang,3
Vivek_Natarajan,Yi_Yang_0002,2
Huazhong_Ning,Thomas_S._Huang,21
Huazhong_Ning,Yihong_Gong,10
Huazhong_Ning,Wei_Xu_0007,9
Huazhong_Ning,Liang_Wang_0001,8
Huazhong_Ning,Tieniu_Tan,8
Huazhong_Ning,Weiming_Hu,8
Huazhong_Ning,Tony_X._Han,4
Huazhong_Ning,Ming_Liu_0009,4
Huazhong_Ning,Yuxiao_Hu,3
Yann_Ollivier,Corentin_Tallec,9
Yann_Ollivier,Léonard_Blier,5
Yann_Ollivier,Gaétan_Marceau-Caron,3
Yann_Ollivier,David_Lopez-Paz,2
Yann_Ollivier,Ludovic_Arnold,2
Yann_Ollivier,Léon_Bottou,2
Yann_Ollivier,Emma_Brunskill,2
Yann_Ollivier,Jakob_J._Verbeek,2
Yann_Ollivier,Carl-Johann_Simon-Gabriel,2
Guilherme_Ottoni,David_I._August,13
Guilherme_Ottoni,Matthew_J._Bridges,8
Guilherme_Ottoni,Ram_Rangan,6
Guilherme_Ottoni,Neil_Vachharajani,6
Guilherme_Ottoni,Guido_Araujo,5
Guilherme_Ottoni,Easwaran_Raman,4
Guilherme_Ottoni,Adam_Stoler,3
Guilherme_Ottoni,Jonathan_Chang,2
Guilherme_Ottoni,Desiree_Ottoni,2
Michela_Paganini,Luke_de_Oliveira,2
Michela_Paganini,Benjamin_Nachman,2
Michela_Paganini,Wahid_Bhimji,2
Michela_Paganini,Giles_Strong,1
Michela_Paganini,Laurent_Basara,1
Michela_Paganini,Maria_Girone,1
Michela_Paganini,Meghan_Kane,1
Michela_Paganini,Dario_Menasce,1
Michela_Paganini,Helge_Meinhard,1
Manohar_Paluri,Lubomir_D._Bourdev,14
Manohar_Paluri,Lorenzo_Torresani,12
Manohar_Paluri,Du_Tran,11
Manohar_Paluri,Rob_Fergus,9
Manohar_Paluri,Marcus_Rohrbach,4
Manohar_Paluri,C._V._Jawahar,4
Manohar_Paluri,Mohamed_Elhoseiny,4
Manohar_Paluri,Ning_Zhang_0014,4
Manohar_Paluri,Dhruv_Kumar_Mahajan,4
Junfeng_Pan,Yong_Yu_0001,4
Junfeng_Pan,Haofen_Wang,3
Junfeng_Pan,Stuart_Bowers,1
Junfeng_Pan,Yanxin_Shi,1
Junfeng_Pan,Joaquin_Quiñonero_Candela,1
Junfeng_Pan,Tianbing_Xu,1
Junfeng_Pan,Tao_Xu,1
Junfeng_Pan,Bo_Liu,1
Junfeng_Pan,Xiangru_Chen,1
Guan_Pang,Saikat_Basu,5
Guan_Pang,Jing_Huang,5
Guan_Pang,Ulrich_Neumann,5
Guan_Pang,Manohar_Paluri,3
Guan_Pang,David_Lindenbaum,2
Guan_Pang,C._V._Jawahar,2
Guan_Pang,Ramesh_Raskar,2
Guan_Pang,Ilke_Demir,2
Guan_Pang,Suriya_Singh,2
Albert_Parra_Pozo,Edward_J._Delp,9
Albert_Parra_Pozo,Mireille_Boutin,5
Albert_Parra_Pozo,Andrew_W._Haddad,4
Albert_Parra_Pozo,Joonsoo_Kim,2
Albert_Parra_Pozo,Bin_Zhao,2
Albert_Parra_Pozo,He_Li_0002,2
Albert_Parra_Pozo,Nitin_Khanna,1
Albert_Parra_Pozo,Richard_Szeliski,1
Albert_Parra_Pozo,Terry_Filiba_Schrager,1
Pedro_Pedreira,Luis_Carlos_Erpen_De_Bona,3
Pedro_Pedreira,Chris_Croswhite,2
Pedro_Pedreira,Sergey_Pershin,1
Pedro_Pedreira,Amit_Dutta,1
Pedro_Pedreira,Yinghai_Lu,1
Fabio_Petroni,Leonardo_Querzoni,10
Fabio_Petroni,Antonio_Scala,4
Fabio_Petroni,Aris_Anagnostopoulos,4
Fabio_Petroni,Mario_Paolucci,4
Fabio_Petroni,Michela_Del_Vicario,4
Fabio_Petroni,Walter_Quattrociocchi,4
Fabio_Petroni,Roberto_Beraldi,4
Fabio_Petroni,Guido_Caldarelli,4
Fabio_Petroni,Timothy_Nugent,4
Joelle_Pineau,Doina_Precup,37
Joelle_Pineau,Iulian_Serban,25
Joelle_Pineau,Ryan_Lowe,22
Joelle_Pineau,Yoshua_Bengio,20
Joelle_Pineau,Peter_Henderson_0002,18
Joelle_Pineau,Laurent_Charlin,14
Joelle_Pineau,Mahdi_Milani_Fard,13
Joelle_Pineau,Aaron_C._Courville,12
Joelle_Pineau,Joshua_Romoff,11
Lior_Wolf,Adam_Polyak,13
Lior_Wolf,Yaniv_Taigman,11
Lior_Wolf,Eliya_Nachmani,4
Lior_Wolf,Noam_Mor,2
Christian_Puhrsch,Armand_Joulin,2
Christian_Puhrsch,David_Eigen,2
Christian_Puhrsch,Edouard_Grave,2
Christian_Puhrsch,Rob_Fergus,2
Christian_Puhrsch,Tomas_Mikolov,2
Christian_Puhrsch,Brian_Kingsbury,2
Christian_Puhrsch,Tom_Sercu,2
Christian_Puhrsch,Piotr_Bojanowski,2
Christian_Puhrsch,Yann_LeCun,2
Sergey_Pupyrev,Stephen_G._Kobourov,28
Sergey_Pupyrev,Muhammad_Jawaherul_Alam,16
Sergey_Pupyrev,Michael_Kaufmann_0001,12
Sergey_Pupyrev,Martin_Fink_0001,10
Sergey_Pupyrev,Michael_A._Bekos,8
Sergey_Pupyrev,Alexander_Wolff_0001,8
Sergey_Pupyrev,Sergey_Bereg,8
Sergey_Pupyrev,Lev_Nachmanson,7
Sergey_Pupyrev,Jackson_Toeniskoetter,7
Kaushik_Ravichandran,Santosh_Pande,6
Kaushik_Ravichandran,Ada_Gavrilovska,2
Kaushik_Ravichandran,Romain_Cledat,1
Kaushik_Ravichandran,Muthukaruppan_Annamalai,1
Kaushik_Ravichandran,Igor_Zinkovsky,1
Kaushik_Ravichandran,David_Nagle,1
Kaushik_Ravichandran,Sangho_Lee,1
Kaushik_Ravichandran,Luning_Pan,1
Kaushik_Ravichandran,Tony_Savor,1
Manohar_Paluri,Du_Tran,4
Manohar_Paluri,Jamie_Ray,4
Manohar_Paluri,Lorenzo_Torresani,3
Manohar_Paluri,Heng_Wang,3
Manohar_Paluri,Yann_LeCun,2
Manohar_Paluri,Yufei_Wang,1
Manohar_Paluri,Zheng_Shou,1
Manohar_Paluri,Matt_Feiszli,1
Manohar_Paluri,Shih-Fu_Chang,1
Lindsay_Reynolds,Jeremy_P._Birnholtz,10
Lindsay_Reynolds,Jeffrey_T._Hancock,7
Lindsay_Reynolds,Madeline_E._Smith,6
Lindsay_Reynolds,Shaomei_Wu,5
Lindsay_Reynolds,Geri_Gay,4
Lindsay_Reynolds,Victoria_Schwanda_Sosik,4
Lindsay_Reynolds,Dan_Cosley,3
Lindsay_Reynolds,Shiri_Azenkot,3
Lindsay_Reynolds,Yuhang_Zhao,3
Stephen_Roller,Katrin_Erk,9
Stephen_Roller,Douwe_Kiela,6
Stephen_Roller,Jason_Weston,6
Stephen_Roller,Maximilian_Nickel,4
Stephen_Roller,Sabine_Schulte_im_Walde,4
Stephen_Roller,Islam_Beltagy,3
Stephen_Roller,Raymond_J._Mooney,3
Stephen_Roller,Emily_Dinan,3
Stephen_Roller,Matt_Le,2
Adriana_Romero,Michal_Drozdzal,15
Adriana_Romero,Yoshua_Bengio,14
Adriana_Romero,Carlo_Gatta,11
Adriana_Romero,Arantxa_Casanova,4
Adriana_Romero,Pascal_Vincent,4
Adriana_Romero,Guillem_Cucurull,4
Adriana_Romero,Gustau_Camps-Valls,4
Adriana_Romero,Amaia_Salvador,3
Adriana_Romero,Petia_Radeva,3
Karthik_Abinav_Sankararaman,Aravind_Srinivasan,13
Karthik_Abinav_Sankararaman,Pan_Xu_0001,13
Karthik_Abinav_Sankararaman,John_P._Dickerson,7
Karthik_Abinav_Sankararaman,Brian_Brubach,6
Karthik_Abinav_Sankararaman,Aleksandrs_Slivkins,3
Karthik_Abinav_Sankararaman,Navin_Goyal,2
Karthik_Abinav_Sankararaman,Anand_Louis,2
Karthik_Abinav_Sankararaman,Tom_Goldstein,1
Karthik_Abinav_Sankararaman,Kun-Lung_Wu,1
Holger_Schwenk,Loïc_Barrault,22
Holger_Schwenk,Jean-Luc_Gauvain,16
Holger_Schwenk,Sadaf_Abdul-Rauf,11
Holger_Schwenk,Patrik_Lambert,9
Holger_Schwenk,Gilles_Adda,9
Holger_Schwenk,Lori_Lamel,8
Holger_Schwenk,Yoshua_Bengio,6
Holger_Schwenk,Alexis_Conneau,6
Holger_Schwenk,Fethi_Bougares,6
Ashish_Shah,Clifton_Davis,2
Ashish_Shah,Lee_Wanke,2
Ashish_Shah,Balasubramanian_Krishnamurthy,2
Ashish_Shah,Christoph_F._Eick,2
Ashish_Shah,Sonia_Margulis,1
Ashish_Shah,Justin_Meza,1
Ashish_Shah,Yee_Jiun_Song,1
Ashish_Shah,Kaushik_Veeraraghavan,1
Ashish_Shah,Margaret_Jackson,1
Zheng_Shou,Shih-Fu_Chang,16
Zheng_Shou,Kazuyuki_Miyazawa,6
Zheng_Shou,Alireza_Zareian,5
Zheng_Shou,Hang_Gao,4
Zheng_Shou,Jonathan_Chan,4
Zheng_Shou,Xu_Zhao,4
Zheng_Shou,Hassan_Mansour,3
Zheng_Shou,Anthony_Vetro,3
Zheng_Shou,Dongang_Wang,3
Kurt_Shuster,Jason_Weston,8
Kurt_Shuster,Samuel_Humeau,4
Kurt_Shuster,Antoine_Bordes,3
Kurt_Shuster,Subrata_Kumar_Das,3
Kurt_Shuster,Emily_Dinan,3
Kurt_Shuster,Curt_Wu,3
Kurt_Shuster,Angela_Fan,2
Kurt_Shuster,Douwe_Kiela,2
Kurt_Shuster,Michael_Auli,2
Bogdan_State,Lada_A._Adamic,4
Bogdan_State,Ingmar_Weber,4
Bogdan_State,Rossano_Schifanella,3
Bogdan_State,Emilio_Zagheni,3
Bogdan_State,Jon_M._Kleinberg,2
Bogdan_State,Jure_Leskovec,2
Bogdan_State,David_Liben-Nowell,2
Bogdan_State,Yelena_Mejova,2
Bogdan_State,Karthik_Subbian,2
Veselin_Stoyanov,Claire_Cardie,10
Veselin_Stoyanov,Preslav_Nakov,5
Veselin_Stoyanov,Alan_Ritter,5
Veselin_Stoyanov,Sara_Rosenthal,5
Veselin_Stoyanov,Alexis_Conneau,4
Veselin_Stoyanov,Luke_S._Zettlemoyer,4
Veselin_Stoyanov,James_Mayfield,3
Veselin_Stoyanov,Jason_Eisner,3
Veselin_Stoyanov,Douglas_W._Oard,3
Yutian_Sun,Jianwen_Su,8
Yutian_Sun,Richard_Hull_0001,6
Yutian_Sun,Roman_Vaculín,6
Yutian_Sun,Jian_Yang_0001,4
Yutian_Sun,Terry_Heath,3
Yutian_Sun,Rik_Eshuis,2
Yutian_Sun,David_Boaz,2
Yutian_Sun,Lior_Limonad,2
Yutian_Sun,Manmohan_Gupta,2
Gabriel_Synnaeve,Nicolas_Usunier,18
Gabriel_Synnaeve,Ronan_Collobert,14
Gabriel_Synnaeve,Emmanuel_Dupoux,13
Gabriel_Synnaeve,Zeming_Lin,11
Gabriel_Synnaeve,Neil_Zeghidour,9
Gabriel_Synnaeve,Pierre_Bessière,8
Gabriel_Synnaeve,Vitaliy_Liptchinsky,6
Gabriel_Synnaeve,Jonas_Gehring,5
Gabriel_Synnaeve,Awni_Hannun,5
Arthur_Szlam,Rob_Fergus,16
Arthur_Szlam,Yann_LeCun,15
Arthur_Szlam,Jason_Weston,14
Arthur_Szlam,Sainbayar_Sukhbaatar,12
Arthur_Szlam,Joan_Bruna,9
Arthur_Szlam,Gilad_Lerman,9
Arthur_Szlam,Marc'Aurelio_Ranzato,8
Arthur_Szlam,Mark_Tygert,8
Arthur_Szlam,Soumith_Chintala,8
Chunqiang_Tang,Gang_Luo_0001,11
Chunqiang_Tang,Rong_N._Chang,10
Chunqiang_Tang,Sandhya_Dwarkadas,9
Chunqiang_Tang,Byung-Chul_Tak,9
Chunqiang_Tang,Zhichen_Xu,8
Chunqiang_Tang,Edward_So,8
Chunqiang_Tang,Long_Wang_0003,8
Chunqiang_Tang,Salman_Baset,7
Chunqiang_Tang,Chun_Zhang,5
Yuandong_Tian,Srinivasa_G._Narasimhan,10
Yuandong_Tian,Yuxin_Wu,7
Yuandong_Tian,Qucheng_Gong,6
Yuandong_Tian,C._Lawrence_Zitnick,5
Yuandong_Tian,Joshua_B._Tenenbaum,4
Yuandong_Tian,Antonio_Torralba_0001,4
Yuandong_Tian,Tianfan_Xue,4
Yuandong_Tian,Joseph_J._Lim,4
Yuandong_Tian,Wenling_Shang,4
Lorenzo_Torresani,Du_Tran,23
Lorenzo_Torresani,Gedas_Bertasius,15
Lorenzo_Torresani,Jianbo_Shi,14
Lorenzo_Torresani,Manohar_Paluri,12
Lorenzo_Torresani,Alessandro_Bergamo,8
Lorenzo_Torresani,Mohammad_Haris_Baig,8
Lorenzo_Torresani,Heng_Wang,7
Lorenzo_Torresani,Karim_Ahmed,7
Lorenzo_Torresani,Andrew_W._Fitzgibbon,6
Mark_Tygert,Arthur_Szlam,8
Mark_Tygert,Vladimir_Rokhlin,4
Mark_Tygert,Yuval_Kluger,4
Mark_Tygert,Soumith_Chintala,3
Mark_Tygert,Yann_LeCun,3
Mark_Tygert,Huamin_Li,3
Mark_Tygert,Yoel_Shkolnisky,2
Mark_Tygert,Nathan_Halko,2
Mark_Tygert,Per-Gunnar_Martinsson,2
Kartikeya_Upasani,Rajen_Subba,4
Kartikeya_Upasani,Anusha_Balakrishnan,4
Kartikeya_Upasani,Michael_White,2
Kartikeya_Upasani,Ashwini_Challa,2
Kartikeya_Upasani,Jinfeng_Rao,2
Kartikeya_Upasani,Debanjan_Ghosh,1
Kartikeya_Upasani,Miroojin_Bakshi,1
Kartikeya_Upasani,Elena_Musi,1
Kartikeya_Upasani,Smaranda_Muresan,1
Laurens_van_der_Maaten,Kilian_Q._Weinberger,11
Laurens_van_der_Maaten,Ross_B._Girshick,9
Laurens_van_der_Maaten,Gao_Huang,8
Laurens_van_der_Maaten,Armand_Joulin,6
Laurens_van_der_Maaten,Allan_Jabri,6
Laurens_van_der_Maaten,Emile_A._Hendriks,6
Laurens_van_der_Maaten,Lu_Zhang_0036,5
Laurens_van_der_Maaten,Gorkem_Saygili,5
Laurens_van_der_Maaten,Ishan_Misra,5
Andrea_Vedaldi,Andrew_Zisserman,45
Andrea_Vedaldi,Hakan_Bilen,23
Andrea_Vedaldi,João_F._Henriques,19
Andrea_Vedaldi,Philip_H._S._Torr,15
Andrea_Vedaldi,David_Novotný,14
Andrea_Vedaldi,Karel_Lenc,13
Andrea_Vedaldi,Karen_Simonyan,13
Andrea_Vedaldi,Stefano_Soatto,13
Andrea_Vedaldi,Diane_Larlus,13
Pascal_Vincent,Yoshua_Bengio,47
Pascal_Vincent,Aaron_C._Courville,12
Pascal_Vincent,Xavier_Bouthillier,11
Pascal_Vincent,Salah_Rifai,10
Pascal_Vincent,Christopher_Joseph_Pal,10
Pascal_Vincent,Nicolas_Boulanger-Lewandowski,9
Pascal_Vincent,Xavier_Glorot,8
Pascal_Vincent,Yann_N._Dauphin,8
Pascal_Vincent,Alexandre_de_Brébisson,8
Changhan_Wang,Kyunghyun_Cho,4
Changhan_Wang,Douwe_Kiela,3
Changhan_Wang,Jiatao_Gu,3
Changhan_Wang,Laurens_van_der_Maaten,2
Changhan_Wang,Ishan_Misra,2
Changhan_Wang,Terrance_Devries,2
Changhan_Wang,Stephen_M._Warren,1
Changhan_Wang,Jake_Zhao,1
Changhan_Wang,Xinchen_Yan,1
Udi_Weinsberg,Yuval_Shavitt,15
Udi_Weinsberg,Nina_Taft,11
Udi_Weinsberg,Stratis_Ioannidis,10
Udi_Weinsberg,Smriti_Bhagat,9
Udi_Weinsberg,Ela_Weinsberg,7
Udi_Weinsberg,Noam_Koenigstein,4
Udi_Weinsberg,Anmol_Sheth,3
Udi_Weinsberg,Nadia_Fawaz,2
Udi_Weinsberg,Oded_Argon,2
Adina_Williams,Samuel_R._Bowman,9
Adina_Williams,Nikita_Nangia,4
Adina_Williams,Ryan_Cotterell,3
Adina_Williams,Andrew_Drozdov,2
Adina_Williams,Ruty_Rinott,2
Adina_Williams,Guillaume_Lample,2
Adina_Williams,Holger_Schwenk,2
Adina_Williams,Shijia_Liu,2
Adina_Williams,Hongyuan_Mei,2
Yuxin_Wu,Yuandong_Tian,7
Yuxin_Wu,Yi_Wu,4
Yuxin_Wu,Georgia_Gkioxari,4
Yuxin_Wu,Kaiming_He,4
Yuxin_Wu,Shuchang_Zhou,4
Yuxin_Wu,Xinyu_Zhou,3
Yuxin_Wu,Qucheng_Gong,2
Yuxin_Wu,He_Wen,2
Yuxin_Wu,Wenling_Shang,2
Qiantong_Xu,Ronan_Collobert,4
Qiantong_Xu,Vitaliy_Liptchinsky,3
Qiantong_Xu,Gabriel_Synnaeve,3
Qiantong_Xu,Awni_Hannun,3
Qiantong_Xu,Vineel_Pratap,2
Qiantong_Xu,Jacob_Kahn,2
Qiantong_Xu,Jeff_Cai,2
Qiantong_Xu,Wenxin_Li,1
Qiantong_Xu,Yang_Yuan,1
Denis_Yarats,Mike_Lewis,5
Denis_Yarats,Yann_N._Dauphin,4
Denis_Yarats,Brandon_Amos,3
Denis_Yarats,Jerry_Ma,3
Denis_Yarats,Michael_Auli,2
Denis_Yarats,David_Grangier,2
Denis_Yarats,Devi_Parikh,2
Denis_Yarats,Dhruv_Batra,2
Denis_Yarats,Jonas_Gehring,2
Hongyi_Zeng,Nick_McKeown,7
Hongyi_Zeng,Arjun_Roy,5
Hongyi_Zeng,Alex_C._Snoeren,5
Hongyi_Zeng,Peyman_Kazemian,5
Hongyi_Zeng,Jasmeet_Bagga,5
Hongyi_Zeng,George_Varghese,3
Hongyi_Zeng,Minlan_Yu,2
Hongyi_Zeng,Glen_Gibb,2
Hongyi_Zeng,Rui_Miao,2
Amy_Zhang,Nadia_Fawaz,7
Amy_Zhang,Joelle_Pineau,6
Amy_Zhang,Branislav_Kveton,4
Amy_Zhang,Sandilya_Bhamidipati,4
Amy_Zhang,Rob_Fergus,3
Amy_Zhang,Salman_Salamatian,3
Amy_Zhang,Stratis_Ioannidis,3
Amy_Zhang,Andreas_Gros,3
Amy_Zhang,Pedro_Oliveira,3
Dan_Zhang_0007,Luo_Si,17
Dan_Zhang_0007,Changshui_Zhang,10
Dan_Zhang_0007,Fei_Wang_0001,8
Dan_Zhang_0007,Yan_Liu_0002,8
Dan_Zhang_0007,Zhenwei_Shi,6
Dan_Zhang_0007,Richard_D._Lawrence,6
Dan_Zhang_0007,Qifan_Wang,5
Dan_Zhang_0007,Jingrui_He,3
Dan_Zhang_0007,Tao_Li_0001,3
Haoqi_Fan_0001,Jiatong_Zhou,1
Yan_Zhu_0009,Dimitris_N._Metaxas,6
Yan_Zhu_0009,Piotr_Dollár,2
Yan_Zhu_0009,Yuandong_Tian,2
Yan_Zhu_0009,Wei_Liu_0005,2
Yan_Zhu_0009,Shaoting_Zhang,2
Yan_Zhu_0009,Chao_Chen_0012,2
Yan_Zhu_0009,Christoph_H._Lampert,1
Yan_Zhu_0009,Jingjing_Liu,1
Yan_Zhu_0009,Xu_Zhao,1
