Shaozhi_Ye,Shyhtsun_Felix_Wu,11
Shaozhi_Ye,Xing_Li,5
Shaozhi_Ye,Ji-Rong_Wen,4
Shaozhi_Ye,Wei-Ying_Ma,4
Shaozhi_Ye,Gary_Wassermann,2
Shaozhi_Ye,Zhendong_Su,2
Shaozhi_Ye,Jeff_Rowe,2
Shaozhi_Ye,Daniela_A._S._de_Oliveira,2
Shaozhi_Ye,Ming_Jia,2
Esteban_Real,Quoc_V._Le,4
Esteban_Real,Xin_Pan,2
Esteban_Real,Alexey_Kurakin,2
Esteban_Real,Jonathon_Shlens,2
Esteban_Real,Stefano_Mazzocchi,2
Esteban_Real,Frank_Hutter,2
Esteban_Real,Yutaka_Leon_Suematsu,2
Esteban_Real,Yanping_Huang,2
Esteban_Real,Kevin_Murphy_0002,2
Ryan_T._McDonald,Joakim_Nivre,12
Ryan_T._McDonald,Slav_Petrov,10
Ryan_T._McDonald,Emily_Pitler,6
Ryan_T._McDonald,Fernando_Pereira_0003,6
Ryan_T._McDonald,Oscar_Täckström,6
Ryan_T._McDonald,Fernando_Pereira,5
Ryan_T._McDonald,Keith_B._Hall,5
Ryan_T._McDonald,Dipanjan_Das_0001,4
Ryan_T._McDonald,Bernd_Bohnet,4
Anton_Raichuk,Sylvain_Gelly,3
Anton_Raichuk,Damien_Vincent,3
Anton_Raichuk,Nikolay_Savinov,2
Anton_Raichuk,Marc_Pollefeys,2
Anton_Raichuk,Raphaël_Marinier,2
Anton_Raichuk,Timothy_P._Lillicrap,2
Anton_Raichuk,Karol_Kurach,1
Anton_Raichuk,Michal_Zajac,1
Anton_Raichuk,Olivier_Bachem,1
Vikas_Sindhwani,Krzysztof_Choromanski,11
Vikas_Sindhwani,Haim_Avron,11
Vikas_Sindhwani,Prem_Melville,7
Vikas_Sindhwani,S._Sathiya_Keerthi,7
Vikas_Sindhwani,Tara_N._Sainath,6
Vikas_Sindhwani,Atil_Iscen,6
Vikas_Sindhwani,Aurelie_C._Lozano,5
Vikas_Sindhwani,Jie_Tan,5
Vikas_Sindhwani,Partha_Niyogi,5
Stefan_Heule,Alejandro_Russo,3
Stefan_Heule,Alexander_J._Summers,3
Stefan_Heule,Peter_Müller_0001,3
Stefan_Heule,Deian_Stefan,3
Stefan_Heule,John_C._Mitchell,2
Stefan_Heule,K._Rustan_M._Leino,2
Stefan_Heule,Edward_Z._Yang,2
Stefan_Heule,Michael_D._Ernst,1
Stefan_Heule,Eric_Schkufza,1
Orhan_Firat,Fatos_T._Yarman-Vural,23
Orhan_Firat,Ankur_Bapna,15
Orhan_Firat,Kyunghyun_Cho,13
Orhan_Firat,Mete_Ozay,12
Orhan_Firat,Ilke_Öztekin,11
Orhan_Firat,Itir_Önal,11
Orhan_Firat,Melvin_Johnson,10
Orhan_Firat,Wolfgang_Macherey,8
Orhan_Firat,Yoshua_Bengio,7
Sherol_Chen,Michael_Mateas,5
Sherol_Chen,Mark_J._Nelson,3
Sherol_Chen,Anne_Sullivan,3
Sherol_Chen,Douglas_Eck,2
Sherol_Chen,Arnav_Jhala,1
Sherol_Chen,Jess_Holbrook,1
Sherol_Chen,Andrew_Deunsing,1
Sherol_Chen,Cheng-Zhi_Anna_Huang,1
Sherol_Chen,Noah_Wardrip-Fruin,1
Andrew_Ferraiuolo,G._Edward_Suh,8
Andrew_Ferraiuolo,Andrew_C._Myers,6
Andrew_Ferraiuolo,Xuehui_Zhang,3
Andrew_Ferraiuolo,Mark_Mohammad_Tehranipoor,3
Andrew_Ferraiuolo,Yao_Wang,3
Andrew_Ferraiuolo,Danfeng_Zhang,3
Andrew_Ferraiuolo,Ruirui_C._Huang,1
Andrew_Ferraiuolo,Shane_Kelly,1
Andrew_Ferraiuolo,Weizhe_Hua,1
Xavi_Gonzalvo,Joan_Claudi_Socoró,7
Xavi_Gonzalvo,Francesc_Alías,6
Xavi_Gonzalvo,Ignasi_Iriondo_Sanz,6
Xavi_Gonzalvo,Carlos_Monzo,5
Xavi_Gonzalvo,Xavier_Sevillano,4
Xavi_Gonzalvo,Paul_Taylor,3
Xavi_Gonzalvo,Alexander_Gutkin,3
Xavi_Gonzalvo,Mehryar_Mohri,2
Xavi_Gonzalvo,Scott_Yang,2
Eduardo_Pinheiro,Ricardo_Bianchini,8
Eduardo_Pinheiro,Taliver_Heath,3
Eduardo_Pinheiro,Wolf-Dietrich_Weber,3
Eduardo_Pinheiro,Jerry_Hom,2
Eduardo_Pinheiro,Ulrich_Kremer,2
Eduardo_Pinheiro,Bianca_Schroeder,2
Eduardo_Pinheiro,Michael_L._Scott,1
Eduardo_Pinheiro,Sandhya_Dwarkadas,1
Eduardo_Pinheiro,Cezary_Dubnicki,1
Yu_Zhang,Mengxing_Huang,19
Yu_Zhang,Edmond_C._Prakash,16
Yu_Zhang,Eric_Sung,15
Yu_Zhang,Qiang_Yang_0001,14
Yu_Zhang,Lei_Shu_0001,12
Yu_Zhang,Dinggang_Shen,11
Yu_Zhang,Qiang_Yang,11
Yu_Zhang,Jitao_Sun,10
Yu_Zhang,Wenfeng_Li,10
Julian_Kelly,Matthew_J._McEwen,2
Julian_Kelly,Daniel_Thomas_Sank,2
Julian_Kelly,Joseph_C._Bardin,2
Julian_Kelly,Pedram_Roushan,2
Julian_Kelly,Chris_Quintana,2
Julian_Kelly,Kunal_Arya,2
Julian_Kelly,Andrew_Dunsworth,2
Julian_Kelly,Ofer_Naaman,2
Julian_Kelly,Evan_Jeffrey,2
Forrester_Cole,Adam_Finkelstein,10
Forrester_Cole,William_T._Freeman,8
Forrester_Cole,Aaron_Sarna,5
Forrester_Cole,Thomas_A._Funkhouser,4
Forrester_Cole,Szymon_Rusinkiewicz,4
Forrester_Cole,Kyle_Genova,3
Forrester_Cole,Daniel_Vlasic,3
Forrester_Cole,Aleksey_Golovinskiy,3
Forrester_Cole,Inbar_Mosseri,3
Jaehoon_Lee,Nathan_C._Hulse,10
Jaehoon_Lee,Jascha_Sohl-Dickstein,6
Jaehoon_Lee,Yasaman_Bahri,5
Jaehoon_Lee,Jeffrey_Pennington,5
Jaehoon_Lee,Stanley_M._Huff,5
Jaehoon_Lee,Grant_M._Wood,4
Jaehoon_Lee,Taesung_Park,4
Jaehoon_Lee,Roman_Novak,4
Jaehoon_Lee,Giseop_Noh,3
Shuang_Song_0001,Kamalika_Chaudhuri,12
Shuang_Song_0001,Ilya_Mironov,3
Shuang_Song_0001,Anand_D._Sarwate,3
Shuang_Song_0001,Ananth_Raghunathan,3
Shuang_Song_0001,Úlfar_Erlingsson,3
Shuang_Song_0001,Nicolas_Papernot,2
Shuang_Song_0001,Daniel_Hsu_0001,2
Shuang_Song_0001,Joseph_Geumlek,2
Shuang_Song_0001,Yizhen_Wang,2
Janara_Christensen,Mausam,5
Janara_Christensen,Oren_Etzioni,4
Janara_Christensen,Stephen_Soderland,4
Janara_Christensen,James_Ferguson,2
Janara_Christensen,Edgar_Gonzàlez,2
Janara_Christensen,Edward_Li,2
Janara_Christensen,Gagan_Bansal,1
Janara_Christensen,Sumit_Basu,1
Janara_Christensen,Anthony_Fader,1
Karol_Kurach,Sylvain_Gelly,12
Karol_Kurach,Marcin_Michalski,8
Karol_Kurach,Olivier_Bousquet,6
Karol_Kurach,Krzysztof_Pawlowski,6
Karol_Kurach,Damien_Vincent,4
Karol_Kurach,Mario_Lucic,4
Karol_Kurach,Sjoerd_van_Steenkiste,3
Karol_Kurach,Olivier_Teytaud,3
Karol_Kurach,Marcin_Andrychowicz,3
Ni_Lao,William_W._Cohen,12
Ni_Lao,Chen_Liang,6
Ni_Lao,Quoc_V._Le,5
Ni_Lao,Jonathan_Berant,5
Ni_Lao,Tom_M._Mitchell,4
Ni_Lao,Jun_Zhu_0001,4
Ni_Lao,Ji-Rong_Wen,4
Ni_Lao,Kathryn_Mazaitis,4
Ni_Lao,John_Blitzer,3
Greg_Dennis,Daniel_Jackson_0001,5
Greg_Dennis,Derek_Rayside,3
Greg_Dennis,Kuat_Yessenov,2
Greg_Dennis,Robert_Seater,2
Greg_Dennis,Felix_Sheng-Ho_Chang,2
Greg_Dennis,Joseph_P._Near,1
Greg_Dennis,Antonio_Bucchiarone,1
Greg_Dennis,Mana_Taghdiri,1
Greg_Dennis,Emina_Torlak,1
Surojit_Chatterjee,Aidong_Zhang,4
Surojit_Chatterjee,Gholamhosein_Sheikholeslami,3
Surojit_Chatterjee,Shibani_Sanan,1
Surojit_Chatterjee,Dantong_Yu,1
Surojit_Chatterjee,Yuan_Wang,1
Surojit_Chatterjee,Yuchen_Wu,1
Surojit_Chatterjee,Amr_Ahmed,1
Surojit_Chatterjee,Manzil_Zaheer,1
Surojit_Chatterjee,Daniel_Silva,1
Dmitry_Lizorkin,Maxim_N._Grinev,8
Dmitry_Lizorkin,Maria_P._Grineva,6
Dmitry_Lizorkin,Denis_Turdakov,5
Dmitry_Lizorkin,Pavel_Velikhov,3
Dmitry_Lizorkin,Alexander_Boldakov,3
Dmitry_Lizorkin,Andrey_Syssoev,2
Dmitry_Lizorkin,Leonid_Novak,2
Dmitry_Lizorkin,Olena_Medelyan,1
Dmitry_Lizorkin,Ivan_Shcheklein,1
Dan_Moldovan,Alexander_B._Wiltschko,4
Dan_Moldovan,Linrui_Zhang,3
Dan_Moldovan,Bart_van_Merrienboer,3
Dan_Moldovan,Brian_K._Lee,1
Dan_Moldovan,James_M._Decker,1
Dan_Moldovan,Andrew_A._Johnson,1
Dan_Moldovan,Tiark_Rompf,1
Dan_Moldovan,D._Sculley,1
Dan_Moldovan,Zachary_Nado,1
Shawn_Hershey,Daniel_P._W._Ellis,4
Shawn_Hershey,Rif_A._Saurous,4
Shawn_Hershey,Aren_Jansen,4
Shawn_Hershey,Manoj_Plakal,4
Shawn_Hershey,R._Channing_Moore,4
Shawn_Hershey,Ratheet_Pandya,2
Shawn_Hershey,Jiayang_Liu,2
Shawn_Hershey,Ron_J._Weiss,2
Shawn_Hershey,Jort_F._Gemmeke,2
Marianne_Berkovich,Jenna_Date,1
Marianne_Berkovich,Martin_Ortlieb,1
Marianne_Berkovich,Rachael_Keeler,1
Marianne_Berkovich,Marti_Louw,1
Marianne_Berkovich,Elizabeth_Elliott_Baylor,1
Marianne_Berkovich,Maureen_O'Toole,1
Marianne_Berkovich,Beverly_Freeman,1
Marianne_Berkovich,Kerwell_Liao,1
Marianne_Berkovich,Robert_W._Reeder,1
Yoel_Drori,Marc_Teboulle,4
Yoel_Drori,Tzvika_Hartman,2
Yoel_Drori,Genady_Beryozkin,2
Yoel_Drori,Oren_Gilon,2
Yoel_Drori,Idan_Szpektor,2
Yoel_Drori,Ohad_Shamir,1
Yoel_Drori,Amir_Beck,1
Yoel_Drori,Shoham_Sabach,1
Gleb_Skobeltsyn,Karl_Aberer,7
Gleb_Skobeltsyn,Ivana_Podnar_Zarko,5
Gleb_Skobeltsyn,Martin_Rajman,5
Gleb_Skobeltsyn,Toan_Luu,5
Gleb_Skobeltsyn,Wai_Gen_Yee,4
Gleb_Skobeltsyn,Sebastian_Michel_0001,3
Gleb_Skobeltsyn,Claudio_Lucchese,2
Gleb_Skobeltsyn,Martin_Bäuml,1
Gleb_Skobeltsyn,Michael_Riley_0001,1
Rohit_Prabhavalkar,Tara_N._Sainath,26
Rohit_Prabhavalkar,Anjuli_Kannan,17
Rohit_Prabhavalkar,Yonghui_Wu,16
Rohit_Prabhavalkar,Chung-Cheng_Chiu,13
Rohit_Prabhavalkar,Patrick_Nguyen,13
Rohit_Prabhavalkar,Kanishka_Rao,12
Rohit_Prabhavalkar,Bo_Li_0028,10
Rohit_Prabhavalkar,Zhifeng_Chen,10
Rohit_Prabhavalkar,Raziel_Alvarez,9
Daniel_Andor,Christopher_Alberti,6
Daniel_Andor,Emily_Pitler,6
Daniel_Andor,David_Weiss,6
Daniel_Andor,Michael_Collins_0001,5
Daniel_Andor,Slav_Petrov,3
Daniel_Andor,Ryan_T._McDonald,3
Daniel_Andor,Jacob_Devlin,2
Daniel_Andor,Andrew_McCallum,2
Daniel_Andor,Joshua_Maynez,2
Dan_B._Goldman,Eli_Shechtman,17
Dan_B._Goldman,Adam_Finkelstein,9
Dan_B._Goldman,Steven_M._Seitz,8
Dan_B._Goldman,Connelly_Barnes,7
Dan_B._Goldman,Brian_Curless,6
Dan_B._Goldman,Maneesh_Agrawala,5
Dan_B._Goldman,Soheil_Darabi,4
Dan_B._Goldman,Rohit_Pandey,4
Dan_B._Goldman,Ohad_Fried,4
Martin_Churchill,James_Laird,5
Martin_Churchill,Peter_D._Mosses,4
Martin_Churchill,Guy_McCusker,4
Martin_Churchill,Paolo_Torrini,2
Martin_Churchill,Mohammad_Reza_Mousavi,1
Martin_Churchill,Neil_Sculthorpe,1
Mona_Attariyan,Jason_Flinn,5
Mona_Attariyan,Neil_Houlsby,2
Mona_Attariyan,Quentin_de_Laroussilhe,2
Mona_Attariyan,Andrei_Giurgiu,2
Mona_Attariyan,Stanislaw_Jastrzebski,2
Mona_Attariyan,Sylvain_Gelly,2
Mona_Attariyan,Andrea_Gesmundo,2
Mona_Attariyan,Bruna_Morrone,2
Mona_Attariyan,Ya-Yunn_Su,1
Abhishek_Verma,Roy_H._Campbell,13
Abhishek_Verma,Ludmila_Cherkasova,10
Abhishek_Verma,Hussam_Qassim,6
Abhishek_Verma,Hussein_A._Al-Barazanchi,4
Abhishek_Verma,David_Feinzimer,4
Abhishek_Verma,Bérénice_Mettler,4
Abhishek_Verma,Chengjun_Liu,4
Abhishek_Verma,Boon_Thau_Loo,3
Abhishek_Verma,Zhuoyao_Zhang,3
Xiang_Wang_0001,Ian_Davidson,19
Xiang_Wang_0001,Buyue_Qian,17
Xiang_Wang_0001,Fei_Wang_0001,9
Xiang_Wang_0001,Jianying_Hu,5
Xiang_Wang_0001,Jun_Wang,4
Xiang_Wang_0001,Hongfei_Li,4
Xiang_Wang_0001,Jieping_Ye,4
Xiang_Wang_0001,Nan_Cao,3
Xiang_Wang_0001,Weifeng_Zhi,2
Mukund_Sundararajan,Tim_Roughgarden,15
Mukund_Sundararajan,Qiqi_Yan,11
Mukund_Sundararajan,Ankur_Taly,9
Mukund_Sundararajan,Kedar_Dhamdhere,8
Mukund_Sundararajan,John_C._Mitchell,5
Mukund_Sundararajan,Ramesh_Johari,4
Mukund_Sundararajan,Aranyak_Mehta,4
Mukund_Sundararajan,Krishnamurthy_Iyer,4
Mukund_Sundararajan,Arpita_Ghosh,4
Hui_Lin,Hongsheng_Zhang,23
Hui_Lin,Jia_Hu,16
Hui_Lin,Jeff_A._Bilmes,16
Hui_Lin,Li_Xu_0002,15
Hui_Lin,Ting_Wang_0007,11
Hui_Lin,Peifeng_Ma,10
Hui_Lin,Liming_Jiang,9
Hui_Lin,Yuanzhi_Zhang,9
Hui_Lin,Daniele_Perissin,7
Dan_Garrette,Jason_Baldridge,6
Dan_Garrette,Hannah_Alpert-Abrams,4
Dan_Garrette,Chris_Dyer,4
Dan_Garrette,Noah_A._Smith,3
Dan_Garrette,Taylor_Berg-Kirkpatrick,3
Dan_Garrette,Katrin_Erk,2
Dan_Garrette,Maria_Ryskina,2
Dan_Garrette,Eva_Schlinger,2
Dan_Garrette,Raymond_J._Mooney,2
Martin_Cochran,John_Black,10
Martin_Cochran,Thomas_Shrimpton,4
Martin_Cochran,Martin_Ryan_Gardner,3
Martin_Cochran,Trevor_Highland,1
Yasutaka_Furukawa,Jean_Ponce,14
Yasutaka_Furukawa,Chen_Liu_0012,12
Yasutaka_Furukawa,Steven_M._Seitz,10
Yasutaka_Furukawa,Brian_Curless,10
Yasutaka_Furukawa,Qi_Shan,7
Yasutaka_Furukawa,Hang_Yan,6
Yasutaka_Furukawa,Richard_Szeliski,5
Yasutaka_Furukawa,Carlos_Hernández,5
Yasutaka_Furukawa,Jiaye_Wu,4
Eugene_Ie,Vihan_Jain,8
Eugene_Ie,Jason_Baldridge,6
Eugene_Ie,Christina_S._Leslie,6
Eugene_Ie,William_Stafford_Noble,5
Eugene_Ie,Jason_Weston,5
Eugene_Ie,Alexander_Ku,4
Eugene_Ie,Gabriel_Magalhães,4
Eugene_Ie,Craig_Boutilier,3
Eugene_Ie,Rui_Wu,3
Manpreet_Singh,Venkatesh_Basker,2
Manpreet_Singh,Tianhao_Qiu,2
Manpreet_Singh,Ashish_Gupta,2
Manpreet_Singh,Haifeng_Jiang,2
Manpreet_Singh,Shivakumar_Venkataraman,2
Manpreet_Singh,Sumit_Das,1
Manpreet_Singh,Monica_Chawathe_Lenart,1
Manpreet_Singh,Vinny_Ganeshan,1
Manpreet_Singh,Yuri_Vasilevski,1
Sanjay_Bhansali,Mehdi_T._Harandi,5
Sanjay_Bhansali,Tim_J._Hoar,4
Sanjay_Bhansali,C._S._Raghavendra,3
Sanjay_Bhansali,Glenn_A._Kramer,3
Sanjay_Bhansali,Jeff_Shute,2
Sanjay_Bhansali,Divyakant_Agrawal,2
Sanjay_Bhansali,Kevin_Lai,2
Sanjay_Bhansali,Masood_Siddiqi,2
Sanjay_Bhansali,Adam_Kirsch,2
An_Zhu,Rajeev_Motwani,13
An_Zhu,Gagan_Aggarwal,9
An_Zhu,Tomás_Feder,9
An_Zhu,Samir_Khuller,6
An_Zhu,Rina_Panigrahy,6
An_Zhu,Jie_Gao_0001,4
An_Zhu,Li_Zhang_0001,4
An_Zhu,John_Hershberger_0001,4
An_Zhu,Leonidas_J._Guibas,4
Nina_Taft,Christophe_Diot,20
Nina_Taft,Jaideep_Chandrashekar,13
Nina_Taft,Konstantina_Papagiannaki,12
Nina_Taft,Ling_Huang,11
Nina_Taft,Udi_Weinsberg,11
Nina_Taft,Antonio_Nucci,10
Nina_Taft,Stratis_Ioannidis,8
Nina_Taft,Nadia_Fawaz,8
Nina_Taft,Kavé_Salamatian,7
Wilson_C._Hsieh,John_B._Carter,11
Wilson_C._Hsieh,Sally_A._McKee,8
Wilson_C._Hsieh,William_E._Weihl,8
Wilson_C._Hsieh,M._Frans_Kaashoek,8
Wilson_C._Hsieh,Lixin_Zhang_0002,6
Wilson_C._Hsieh,Andrew_Fikes,5
Wilson_C._Hsieh,Godmar_Back,5
Wilson_C._Hsieh,Sean_McDirmid,5
Wilson_C._Hsieh,Sanjay_Ghemawat,4
Karl_Schnaitter,Neoklis_Polyzotis,13
Karl_Schnaitter,Serge_Abiteboul,2
Karl_Schnaitter,Joshua_Spiegel,2
Karl_Schnaitter,Tova_Milo,2
Karl_Schnaitter,Sangeet_Lohariwala,1
Karl_Schnaitter,Ivo_Jimenez,1
Karl_Schnaitter,Sridatta_Chegu,1
Karl_Schnaitter,Stephan_Gudmundson,1
Karl_Schnaitter,Debabrata_Dash,1
Sagar_Mittal,Sarvjeet_Singh,2
Sagar_Mittal,Vera_Lychagina,2
Sagar_Mittal,Rahul_Shah,2
Sagar_Mittal,Chris_Mayfield,2
Sagar_Mittal,Sunil_Prabhakar,2
Sagar_Mittal,Susanne_E._Hambrusch,2
Sagar_Mittal,Weiran_Liu,2
Sagar_Mittal,Biswapesh_Chattopadhyay,2
Sagar_Mittal,Prathyusha_Aragonda,1
Mike_Colagrosso,Sandeep_Tata,2
Mike_Colagrosso,Michael_Smith_0024,1
Mike_Colagrosso,Divanshu_Garg,1
Mike_Colagrosso,Reuben_Kan,1
Mike_Colagrosso,Cayden_Meyer,1
Mike_Colagrosso,Alexandre_Mah,1
Mike_Colagrosso,Vlad_Panait,1
Mike_Colagrosso,Suming_Chen,1
Mike_Colagrosso,Julian_Gibbons,1
Keith_B._Hall,Brian_Roark,10
Keith_B._Hall,Enrique_Alfonseca,6
Keith_B._Hall,Ryan_T._McDonald,5
Keith_B._Hall,Daniel_M._Bikel,5
Keith_B._Hall,Izhak_Shafran,5
Keith_B._Hall,Sanjeev_Khudanpur,5
Keith_B._Hall,Puyang_Xu,4
Keith_B._Hall,Maider_Lehr,4
Keith_B._Hall,Massimiliano_Ciaramita,4
Florian_Schroff,Hartwig_Adam,11
Florian_Schroff,Liang-Chieh_Chen,11
Florian_Schroff,George_Papandreou,7
Florian_Schroff,Andrew_Zisserman,5
Florian_Schroff,Antonio_Criminisi,4
Florian_Schroff,Yukun_Zhu,4
Florian_Schroff,Seong_Joon_Oh,2
Florian_Schroff,Peng_Wang_0001,2
Florian_Schroff,Serge_J._Belongie,2
Dave_Moore,Matthew_D._Hoffman,4
Dave_Moore,Dustin_Tran,3
Dave_Moore,Srinivas_Vasudevan,3
Dave_Moore,Alexey_Radul,2
Dave_Moore,Maria_I._Gorinova,2
Dave_Moore,Rif_A._Saurous,2
Dave_Moore,Christopher_Suter,2
Dave_Moore,Eugene_Brevdo,1
Dave_Moore,Gaurav_Oberoi,1
Chelsea_Finn,Sergey_Levine,76
Chelsea_Finn,Pieter_Abbeel,28
Chelsea_Finn,Tianhe_Yu,12
Chelsea_Finn,Frederik_Ebert,11
Chelsea_Finn,Annie_Xie,8
Chelsea_Finn,Trevor_Darrell,8
Chelsea_Finn,Alex_X._Lee,7
Chelsea_Finn,Sudeep_Dasari,7
Chelsea_Finn,Mohammad_Babaeizadeh,5
Abhishek_Kumar,Kuldeep_Yadav,8
Abhishek_Kumar,Asif_Ekbal,4
Abhishek_Kumar,Vinayak_S._Naik,3
Abhishek_Kumar,Ashis_K._Dhara,3
Abhishek_Kumar,Alexander_Wong,3
Abhishek_Kumar,Md._Shad_Akhtar,3
Abhishek_Kumar,Daisuke_Kawahara,3
Abhishek_Kumar,Devender_Singh,3
Abhishek_Kumar,David_A._Clausi,3
Ashish_Vaswani,Niki_Parmar,14
Ashish_Vaswani,Noam_Shazeer,14
Ashish_Vaswani,Jakob_Uszkoreit,14
Ashish_Vaswani,Lukasz_Kaiser,10
Ashish_Vaswani,Kevin_Knight,8
Ashish_Vaswani,David_Chiang_0001,7
Ashish_Vaswani,Llion_Jones,6
Ashish_Vaswani,Aidan_N._Gomez,5
Ashish_Vaswani,Samy_Bengio,4
Pavlos_Papageorge,Michael_Hicks_0001,1
Pavlos_Papageorge,Tobias_Flach,1
Pavlos_Papageorge,Yuchung_Cheng,1
Pavlos_Papageorge,Tayeb_Karim,1
Pavlos_Papageorge,Luis_Pedrosa,1
Pavlos_Papageorge,Ethan_Katz-Bassett,1
Pavlos_Papageorge,Andreas_Terzis,1
Pavlos_Papageorge,Justin_McCann,1
Pavlos_Papageorge,Ramesh_Govindan,1
Ben_Adlam,Charles_Weill,2
Ben_Adlam,Corinna_Cortes,2
Ben_Adlam,Mehryar_Mohri,2
Ben_Adlam,Vladimir_Macko,1
Ben_Adlam,Javier_Gonzalvo,1
Ben_Adlam,Andreas_Pavlogiannis,1
Ben_Adlam,Krishnendu_Chatterjee,1
Ben_Adlam,Martin_A._Nowak,1
Ben_Adlam,Eugen_Hotaj,1
David_Xinliang_Li,Raksit_Ashok,2
David_Xinliang_Li,Tipp_Moseley,1
David_Xinliang_Li,Dehao_Chen,1
David_Xinliang_Li,Robert_Hundt,1
David_Xinliang_Li,Silvius_Rus,1
David_Xinliang_Li,Mehdi_Amini,1
David_Xinliang_Li,Teresa_Johnson,1
Geoff_Pike,Paul_N._Hilfinger,4
Geoff_Pike,Luigi_Semenzato,3
Geoff_Pike,Phillip_Colella,3
Geoff_Pike,Katherine_A._Yelick,2
Geoff_Pike,Carleton_Miyamoto,2
Geoff_Pike,Arvind_Krishnamurthy,2
Geoff_Pike,David_Gay,2
Geoff_Pike,Alexander_Aiken,2
Geoff_Pike,Ben_Liblit,2
David_Ha,Douglas_Eck,6
David_Ha,Jürgen_Schmidhuber,3
David_Ha,Raphael_Gontijo_Lopes,2
David_Ha,Emilie_Delattre,2
David_Ha,Quoc_V._Le,2
David_Ha,Rosalind_W._Picard,2
David_Ha,Ian_Fischer,2
David_Ha,Shigeru_Katagiri,2
David_Ha,Cinjon_Resnick,2
Amir_Globerson,Naftali_Tishby,14
Amir_Globerson,Tommi_S._Jaakkola,13
Amir_Globerson,Gal_Chechik,12
Amir_Globerson,Ofer_Meshi,9
Amir_Globerson,Yair_Weiss,8
Amir_Globerson,David_A._Sontag,8
Amir_Globerson,Jonathan_Berant,8
Amir_Globerson,Regina_Barzilay,8
Amir_Globerson,Nir_Rosenfeld,7
Matthew_Kam,John_F._Canny,3
Matthew_Kam,Jane_Chiu,3
Matthew_Kam,Divya_Ramachandran,2
Matthew_Kam,Jingtao_Wang,1
Matthew_Kam,Eric_Tse,1
Matthew_Kam,Orna_Tarshish,1
Matthew_Kam,Anand_Raghavan,1
Matthew_Kam,Alastair_Iles,1
Matthew_Kam,Daniel_Glaser,1
Emilie_Danna,Danny_Raz,2
Emilie_Danna,Claude_Le_Pape,2
Emilie_Danna,Laurent_Perron,2
Emilie_Danna,Alok_Kumar,2
Emilie_Danna,Avinatan_Hassidim,2
Emilie_Danna,Michal_Segalov,2
Emilie_Danna,Haim_Kaplan,2
Emilie_Danna,Yishay_Mansour,2
Emilie_Danna,Hans_D._Mittelmann,1
T._V._Raman,David_Gries,5
T._V._Raman,Stéphane_H._Maes,4
T._V._Raman,Charles_L._Chen,3
T._V._Raman,Rafah_Hosn,2
T._V._Raman,Pankaj_Kankar,1
T._V._Raman,Greg_Lowney,1
T._V._Raman,Qian_Ying_Wang,1
T._V._Raman,Richard_Thompson,1
T._V._Raman,David_Chamberlain,1
Piyush_Sharma,Radu_Soricut,6
Piyush_Sharma,Esther_Rodríguez-Villegas,3
Piyush_Sharma,Tomer_Levinboim,3
Piyush_Sharma,Sanqiang_Zhao,2
Piyush_Sharma,Sebastian_Goodman,2
Piyush_Sharma,Adrienne_Raglin,2
Piyush_Sharma,Syed_Anas_Imtiaz,1
Piyush_Sharma,Mahender_Singh,1
Piyush_Sharma,Zhenzhong_Lan,1
Elad_Eban,Amir_Globerson,6
Elad_Eban,Gal_Elidan,6
Elad_Eban,Ariel_Gordon,4
Elad_Eban,Ofer_Meshi,3
Elad_Eban,Alan_Mackey,3
Elad_Eban,Aharon_Birnbaum,2
Elad_Eban,Mariano_Schain,2
Elad_Eban,Edward_Choi,2
Elad_Eban,Ofir_Nachum,2
Eric_Nichols,Kentaro_Inui,8
Eric_Nichols,Junta_Mizuno,6
Eric_Nichols,Francis_Bond,6
Eric_Nichols,Yotaro_Watanabe,5
Eric_Nichols,Yuji_Matsumoto_0001,4
Eric_Nichols,Suguru_Matsuyoshi,4
Eric_Nichols,Koji_Murakami,4
Eric_Nichols,Shouko_Masuda,4
Eric_Nichols,Christopher_Raphael,3
Peyman_Milanfar,Michael_Elad,21
Peyman_Milanfar,Hossein_Talebi_Esfandarani,15
Peyman_Milanfar,Sina_Farsiu,13
Peyman_Milanfar,Hae_Jong_Seo,11
Peyman_Milanfar,Hiroyuki_Takeda,10
Peyman_Milanfar,M._Dirk_Robinson,9
Peyman_Milanfar,Xiang_Zhu,9
Peyman_Milanfar,Gene_H._Golub,9
Peyman_Milanfar,Priyam_Chatterjee,9
Alyssa_Lees,Christopher_A._Welty,3
Alyssa_Lees,Christoph_Bregler,2
Alyssa_Lees,Ananth_Balashankar,2
Alyssa_Lees,Christian_Rodriguez,1
Alyssa_Lees,Yanxi_Liu,1
Alyssa_Lees,Ian_Spiro,1
Alyssa_Lees,Insuk_Oh,1
Alyssa_Lees,Jacek_Korycki,1
Alyssa_Lees,Jingchen_Liu,1
Alex_Irpan,Julian_Ibarz,7
Alex_Irpan,Sergey_Levine,7
Alex_Irpan,Mrinal_Kalakrishnan,6
Alex_Irpan,Konstantinos_Bousmalis,5
Alex_Irpan,Paul_Wohlhart,4
Alex_Irpan,James_Davidson,4
Alex_Irpan,Dmitry_Kalashnikov,4
Alex_Irpan,Danijar_Hafner,4
Alex_Irpan,Peter_Pastor,4
Prakash_Prabhu,David_I._August,7
Prakash_Prabhu,Nick_P._Johnson,4
Prakash_Prabhu,Thomas_B._Jablin,4
Prakash_Prabhu,Soumyadeep_Ghosh,3
Prakash_Prabhu,Stephen_R._Beard,3
Prakash_Prabhu,Priti_Shankar,2
Prakash_Prabhu,Hanjun_Kim,2
Prakash_Prabhu,Sotiris_Apostolakis,2
Prakash_Prabhu,James_A._Jablin,2
Navdeep_Jaitly,Yonghui_Wu,13
Navdeep_Jaitly,Zhifeng_Chen,11
Navdeep_Jaitly,Chung-Cheng_Chiu,10
Navdeep_Jaitly,Quoc_V._Le,9
Navdeep_Jaitly,Ron_J._Weiss,9
Navdeep_Jaitly,Samy_Bengio,8
Navdeep_Jaitly,Oriol_Vinyals,8
Navdeep_Jaitly,Jan_Chorowski,7
Navdeep_Jaitly,William_Chan,6
Apostol_Natsev,John_R._Smith,46
Apostol_Natsev,Milind_R._Naphade,20
Apostol_Natsev,Lexing_Xie,19
Apostol_Natsev,Jelena_Tesic,13
Apostol_Natsev,Rong_Yan,12
Apostol_Natsev,Ching-Yung_Lin,11
Apostol_Natsev,Belle_L._Tseng,10
Apostol_Natsev,Matthew_L._Hill,10
Apostol_Natsev,Jeffrey_Scott_Vitter,6
Jasper_R._R._Uijlings,Vittorio_Ferrari,27
Jasper_R._R._Uijlings,Nicu_Sebe,18
Jasper_R._R._Uijlings,Arnold_W._M._Smeulders,9
Jasper_R._R._Uijlings,Frank_Keller,6
Jasper_R._R._Uijlings,Holger_Caesar,6
Jasper_R._R._Uijlings,Bogdan_Ionescu,6
Jasper_R._R._Uijlings,Dim_P._Papadopoulos,6
Jasper_R._R._Uijlings,Ionut_Mironica,5
Jasper_R._R._Uijlings,I._C._Duta,4
Hang_Qi,Jian_Xu,4
Hang_Qi,Kuang-chih_Lee,4
Hang_Qi,Zhaoming_Lu,4
Hang_Qi,Xiangming_Wen,4
Hang_Qi,Quan_Lu,4
Hang_Qi,Matthew_Brown,3
Hang_Qi,Zhiqun_Hu,3
Hang_Qi,Xiaowei_Ding,2
Hang_Qi,David_G._Lowe,2
Siya_Chen,Tieli_Sun,2
Siya_Chen,Xiaoyi_Guo,1
Siya_Chen,Jianwen_Feng,1
Siya_Chen,Yu_Guan,1
Siya_Chen,Jianjun_Zhao,1
Siya_Chen,Yi_Zhao_0002,1
Siya_Chen,Hongguang_Sun,1
Siya_Chen,Fengqin_Yang,1
Siya_Chen,Hongyan_Zhang,1
Ekin_Dogus_Cubuk,Barret_Zoph,7
Ekin_Dogus_Cubuk,Quoc_V._Le,7
Ekin_Dogus_Cubuk,Justin_Gilmer,4
Ekin_Dogus_Cubuk,Jonathon_Shlens,4
Ekin_Dogus_Cubuk,Avital_Oliver,3
Ekin_Dogus_Cubuk,Augustus_Odena,3
Ekin_Dogus_Cubuk,Ian_J._Goodfellow,3
Ekin_Dogus_Cubuk,Colin_Raffel,3
Ekin_Dogus_Cubuk,Samuel_S._Schoenholz,3
Katy_Blumer,Gregory_S._Corrado,4
Katy_Blumer,Ziad_Obermeyer,3
Katy_Blumer,Jon_M._Kleinberg,3
Katy_Blumer,Dale_R._Webster,3
Katy_Blumer,Lily_Peng,3
Katy_Blumer,Sendhil_Mullainathan,3
Katy_Blumer,Maithra_Raghu,3
Katy_Blumer,Avinash_V._Varadarajan,3
Katy_Blumer,Rory_Sayres,2
Hongjie_Bai,Edward_Y._Chang,7
Hongjie_Bai,Xianlong_Hong,4
Hongjie_Bai,Sheqin_Dong,4
Hongjie_Bai,Wen-Yen_Chen,4
Hongjie_Bai,Kaihua_Zhu,3
Hongjie_Bai,Yangqiu_Song,2
Hongjie_Bai,Yi_Wang,2
Hongjie_Bai,Zhihuan_Qiu,2
Hongjie_Bai,Chih-Jen_Lin,2
Jan_Skoglund,W._Bastiaan_Kleijn,13
Jan_Skoglund,Andrew_Hines,7
Jan_Skoglund,Alejandro_Luebs,6
Jan_Skoglund,Anil_C._Kokaram,5
Jan_Skoglund,Felicia_Lim,5
Jan_Skoglund,Michael_Chinen,5
Jan_Skoglund,Naomi_Harte,5
Jan_Skoglund,Jan_Linden,4
Jan_Skoglund,Jean-Marc_Valin,4
Rico_Jonschkowski,Oliver_Brock,9
Rico_Jonschkowski,Sebastian_Höfer,5
Rico_Jonschkowski,Roberto_Martin_Martin,4
Rico_Jonschkowski,Clemens_Eppner,4
Rico_Jonschkowski,Arne_Sieverling,3
Rico_Jonschkowski,Vincent_Wall,3
Rico_Jonschkowski,Divyam_Rastogi,2
Rico_Jonschkowski,Jonathan_Scholz,1
Rico_Jonschkowski,Ariel_Gordon,1
Eric_Malmi,Aristides_Gionis,10
Eric_Malmi,Luiza_Sayfullina,6
Eric_Malmi,Sebastian_Krause,4
Eric_Malmi,Mikhail_Kozhevnikov,3
Eric_Malmi,Daniele_Pighin,3
Eric_Malmi,Tapani_Raiko,3
Eric_Malmi,Arno_Solin,3
Eric_Malmi,Pyry_Takala,2
Eric_Malmi,Yiping_Liao,2
Lorenzo_Colitti,Maurizio_Patrignani,5
Lorenzo_Colitti,Giuseppe_Di_Battista,5
Lorenzo_Colitti,Maurizio_Pizzonia,3
Lorenzo_Colitti,Massimo_Rimondini,2
Lorenzo_Colitti,Thomas_Narten,1
Lorenzo_Colitti,Tiziana_Refice,1
Lorenzo_Colitti,Vinton_G._Cerf,1
Lorenzo_Colitti,Yoshinobu_Matsuzaki,1
Lorenzo_Colitti,Becca_Nitzan,1
Sharat_Chikkerur,Venu_Govindaraju,9
Sharat_Chikkerur,Ruud_M._Bolle,5
Sharat_Chikkerur,Nalini_K._Ratha,5
Sharat_Chikkerur,Alexander_N._Cartwright,3
Sharat_Chikkerur,Sharath_Pankanti,3
Sharat_Chikkerur,Jonathan_H._Connell,2
Sharat_Chikkerur,Thomas_Serre,2
Sharat_Chikkerur,Tomaso_A._Poggio,1
Sharat_Chikkerur,Daniel_Golovin,1
Maxim_Gurevich,Ziv_Bar-Yossef,6
Maxim_Gurevich,Vanja_Josifovski,4
Maxim_Gurevich,Idit_Keidar,4
Maxim_Gurevich,Marcus_Fontoura,4
Maxim_Gurevich,Alexander_Shraer,3
Maxim_Gurevich,Sergei_Vassilvitskii,3
Maxim_Gurevich,Edward_Bortnikov,2
Maxim_Gurevich,George_Beskales,2
Maxim_Gurevich,Anirban_Dasgupta_0001,2
Alessandro_Epasto,Silvio_Lattanzi,10
Alessandro_Epasto,Vahab_S._Mirrokni,7
Alessandro_Epasto,Eli_Upfal,6
Alessandro_Epasto,Morteza_Zadimoghaddam,5
Alessandro_Epasto,Lorenzo_De_Stefani,4
Alessandro_Epasto,Sergei_Vassilvitskii,3
Alessandro_Epasto,Alessandro_Panconesi,3
Alessandro_Epasto,Matteo_Riondato,3
Alessandro_Epasto,Mohammad_Mahdian,3
Eunyoung_Kim,Sukhan_Lee_0001,6
Eunyoung_Kim,Gérard_G._Medioni,5
Eunyoung_Kim,Qing_Zeng-Treitler,4
Eunyoung_Kim,Hans_J._Johnson,4
Eunyoung_Kim,JungHyun_Han,4
Eunyoung_Kim,Changwoo_Seo,3
Eunyoung_Kim,Younghwan_Lim,3
Eunyoung_Kim,Hojung_Nam,3
Eunyoung_Kim,Steven_J._Mentzer,3
Massimiliano_Ciaramita,Hugo_Zaragoza,7
Massimiliano_Ciaramita,Mark_Johnson_0001,7
Massimiliano_Ciaramita,Giuseppe_Attardi,7
Massimiliano_Ciaramita,Neil_Houlsby,5
Massimiliano_Ciaramita,Paolo_Ferragina,5
Massimiliano_Ciaramita,Jannis_Bulian,5
Massimiliano_Ciaramita,Mihai_Surdeanu,5
Massimiliano_Ciaramita,Aldo_Gangemi,5
Massimiliano_Ciaramita,Christian_Buck,4
Christophe_Restif,Dimitris_N._Metaxas,6
Christophe_Restif,Monica_Driscoll,2
Christophe_Restif,Carolina_Ibáñez-Ventoso,2
Christophe_Restif,Krzysztof_Ostrowski,2
Christophe_Restif,Mehul_M._Vora,1
Christophe_Restif,Yang_Yu_0010,1
Christophe_Restif,Natalia_Ponomareva,1
Christophe_Restif,Philip_H._S._Torr,1
Christophe_Restif,Sai_Zhang,1
Itay_Laish,Shay_Mozes,3
Itay_Laish,Tzvika_Hartman,2
Itay_Laish,Ido_Cohn,2
Itay_Laish,Yossi_Matias,2
Itay_Laish,Idan_Szpektor,2
Itay_Laish,Gang_Li,2
Itay_Laish,Avinatan_Hassidim,2
Itay_Laish,Genady_Beryozkin,2
Itay_Laish,Izhak_Shafran,2
Alex_Rudnick,Filippo_Menczer,3
Alex_Rudnick,Michael_D._Conover,3
Alex_Rudnick,Karissa_Rae_McKelvey,3
Alex_Rudnick,Michael_Gasser,3
Alex_Rudnick,Giovanni_Luca_Ciampaglia,2
Alex_Rudnick,Pik-Mai_Hui,2
Alex_Rudnick,Bruno_Gonçalves,2
Alex_Rudnick,Tak-Lon_Wu,2
Alex_Rudnick,Valentin_Pentchev,2
Aleksandr_Chuklin,Maarten_de_Rijke,15
Aleksandr_Chuklin,Pavel_Serdyukov,8
Aleksandr_Chuklin,Ilya_Markov,5
Aleksandr_Chuklin,Anne_Schuth,3
Aleksandr_Chuklin,Ke_Zhou,2
Aleksandr_Chuklin,Mikhail_Burtsev,2
Aleksandr_Chuklin,Alexey_Borisov,2
Aleksandr_Chuklin,Hanna_Silén,2
Aleksandr_Chuklin,Damiano_Spina,2
Lars_Ailo_Bongo,Bjørn_Fjukstad,11
Lars_Ailo_Bongo,John_Markus_Bjørndalen,8
Lars_Ailo_Bongo,Otto_J._Anshus,7
Lars_Ailo_Bongo,Edvard_Pedersen,7
Lars_Ailo_Bongo,Inge_Alexander_Raknes,5
Lars_Ailo_Bongo,Einar_J._Holsbø,4
Lars_Ailo_Bongo,Morten_Grønnesby,4
Lars_Ailo_Bongo,Martin_Ernstsen,4
Lars_Ailo_Bongo,Eiliv_Lund,4
Sriraman_Tallam,Rajiv_Gupta_0001,13
Sriraman_Tallam,Xiangyu_Zhang_0001,7
Sriraman_Tallam,Chen_Tian_0002,6
Sriraman_Tallam,Neelam_Gupta,3
Sriraman_Tallam,Vijay_Nagarajan,3
Sriraman_Tallam,Dennis_Jeffrey,1
David_Minnen,Sung_Jin_Hwang,14
David_Minnen,George_Toderici,14
David_Minnen,Nicholas_Johnston,12
David_Minnen,Michele_Covell,10
David_Minnen,Saurabh_Singh,9
David_Minnen,Thad_Starner,9
David_Minnen,Damien_Vincent,8
David_Minnen,Johannes_Ballé,7
David_Minnen,Joel_Shor,7
Elie_Bursztein,Jean_Michel_Picod,3
Elie_Bursztein,Kurt_Thomas,2
Elie_Bursztein,Panayiotis_Mavrommatis,1
Elie_Bursztein,Niels_Provos,1
Elie_Bursztein,Juan_A._Elices_Crespo,1
Elie_Bursztein,Ali_Tofigh,1
Elie_Bursztein,Ryan_Rasti,1
Elie_Bursztein,Damon_McCoy,1
Elie_Bursztein,Luca_Invernizzi,1
Xubin_He,Ping_Huang,35
Xubin_He,Changsheng_Xie,31
Xubin_He,Chentao_Wu,17
Xubin_He,Shenggang_Wan,15
Xubin_He,Qiang_Cao,13
Xubin_He,Ke_Zhou_0001,12
Xubin_He,Ming_Zhang,11
Xubin_He,Xin_Chen,10
Xubin_He,Guanying_Wu,9
Carrie_J._Cai,Rob_Miller_0001,6
Carrie_J._Cai,Michael_Terry,4
Carrie_J._Cai,Philip_J._Guo,3
Carrie_J._Cai,Narayan_Hegde,3
Carrie_J._Cai,Been_Kim,3
Carrie_J._Cai,Martin_C._Stumpe,3
Carrie_J._Cai,Emily_Reif,3
Carrie_J._Cai,Daniel_Smilkov,3
Carrie_J._Cai,Fernanda_B._Viégas,3
Aleksandra_Faust,Lydia_Tapia,13
Aleksandra_Faust,Marek_Fiser,8
Aleksandra_Faust,Hao-Tien_Chiang,8
Aleksandra_Faust,Anthony_Francis,6
Aleksandra_Faust,Vijay_Janapa_Reddi,6
Aleksandra_Faust,Srivatsan_Krishnan,6
Aleksandra_Faust,Behzad_Boroujerdian,4
Aleksandra_Faust,Hasan_Genc,3
Aleksandra_Faust,Ivana_Palunko,3
Teresa_Johnson,Graham_Morehead,1
Teresa_Johnson,Marcello_de_Sales,1
Teresa_Johnson,Michael_Kersula,1
Teresa_Johnson,Kleber_Sales,1
Teresa_Johnson,Diego_J._Rivera-Gutierrez,1
Teresa_Johnson,Mehdi_Amini,1
Teresa_Johnson,Caitlin_Cleaver,1
Teresa_Johnson,James_A._Wilson,1
Teresa_Johnson,Rebecca_Lyons,1
Donald_Metzler,W._Bruce_Croft,18
Donald_Metzler,Michael_Bendersky,14
Donald_Metzler,Jimmy_Lin,9
Donald_Metzler,Lidan_Wang,6
Donald_Metzler,Trevor_Strohman,6
Donald_Metzler,Xuanhui_Wang,5
Donald_Metzler,Fernando_Diaz_0001,5
Donald_Metzler,Marc_Najork,5
Donald_Metzler,Evgeniy_Gabrilovich,5
Kerwell_Liao,Sunny_Consolvo,3
Kerwell_Liao,Robert_W._Reeder,1
Kerwell_Liao,Julia_Rizzo,1
Kerwell_Liao,Tara_Matthews,1
Kerwell_Liao,Paul_McDonald,1
Kerwell_Liao,Isha_Dandavate,1
Kerwell_Liao,Serge_Egelman,1
Kerwell_Liao,David_A._Wagner_0001,1
Kerwell_Liao,Y._Connie_Yuan,1
Hucheng_Zhou,Shih-Wei_Liao,2
Hucheng_Zhou,Chinyen_Chou,2
Hucheng_Zhou,Chia-Heng_Tu,2
Hucheng_Zhou,Donald_Nguyen,2
Hucheng_Zhou,Tzu-Han_Hung,2
Jyrki_Alakuijala,Jan_Wassenberg,6
Jyrki_Alakuijala,Zoltan_Szabadka,5
Jyrki_Alakuijala,Robert_Obryk,5
Jyrki_Alakuijala,Lode_Vandevenne,3
Jyrki_Alakuijala,Luca_Versari,2
Jyrki_Alakuijala,Iulia_M._Comsa,2
Jyrki_Alakuijala,Renata_Khasanova,2
Jyrki_Alakuijala,Thomas_Fischbacher,2
Jyrki_Alakuijala,Krzysztof_Potempa,2
Luc_Vincent,Artem_Mikheev,2
Luc_Vincent,Berrin_A._Yanikoglu,2
Luc_Vincent,Daniel_Filip,2
Luc_Vincent,Gae'tan_Serpe,1
Luc_Vincent,Mehdi_Sharifzadeh,1
Luc_Vincent,Scott_M._Gallager,1
Luc_Vincent,Vance_Faber,1
Luc_Vincent,Alessandro_Bissacco,1
Luc_Vincent,Cabell_S._Davis,1
Craig_Boutilier,Tyler_Lu,20
Craig_Boutilier,Pascal_Poupart,19
Craig_Boutilier,Ronen_I._Brafman,14
Craig_Boutilier,Moisés_Goldszmidt,12
Craig_Boutilier,Dale_Schuurmans,12
Craig_Boutilier,Paolo_Viappiani,10
Craig_Boutilier,Kevin_Regan_0001,8
Craig_Boutilier,Jesse_Hoey,8
Craig_Boutilier,Darius_Braziunas,8
Ankur_Jain,Edward_Y._Chang,5
Ankur_Jain,Yuan-Fang_Wang,4
Ankur_Jain,Scott_Pozder,4
Ankur_Jain,Syed_M._Alam,4
Ankur_Jain,Robert_E._Jones,4
Ankur_Jain,K._V._M._Naidu,3
Ankur_Jain,Daniel_Nikovski,3
Ankur_Jain,Ankush_Mittal,3
Ankur_Jain,Philip_Bohannon,3
HyunJeong_Choe,Evelyn_Wenzel-Grondie,1
HyunJeong_Choe,Ravindran_Rajakumar,1
HyunJeong_Choe,Sadao_Kurohashi,1
HyunJeong_Choe,Mo_Shen,1
HyunJeong_Choe,David_Huynh,1
HyunJeong_Choe,Richard_Sproat,1
HyunJeong_Choe,Chenhui_Chu,1
HyunJeong_Choe,Wingmui_Li,1
HyunJeong_Choe,Bruno_Cartoni,1
Balakrishnan_Varadarajan,Sanjeev_Khudanpur,8
Balakrishnan_Varadarajan,Apostol_Natsev,4
Balakrishnan_Varadarajan,Alex_Acero,3
Balakrishnan_Varadarajan,Joonseok_Lee,3
Balakrishnan_Varadarajan,Emmanuel_Dupoux,3
Balakrishnan_Varadarajan,Dong_Yu_0001,3
Balakrishnan_Varadarajan,Li_Deng_0001,3
Balakrishnan_Varadarajan,Gregory_D._Hager,2
Balakrishnan_Varadarajan,Selina_M._Chu,2
Stanislav_Angelov,Sanjeev_Khanna,10
Stanislav_Angelov,Boulos_Harb,4
Stanislav_Angelov,Sampath_Kannan,4
Stanislav_Angelov,Mirkó_Visontai,4
Stanislav_Angelov,Keshav_Kunal,4
Stanislav_Angelov,Junhyong_Kim,3
Stanislav_Angelov,Andrew_McGregor_0001,2
Stanislav_Angelov,Li-San_Wang,2
Stanislav_Angelov,Shunsuke_Inenaga,2
Tyler_Zhu,Kevin_Murphy_0002,4
Tyler_Zhu,George_Papandreou,4
Tyler_Zhu,Jonathan_Tompson,4
Tyler_Zhu,Spyros_Gidaris,2
Tyler_Zhu,Liang-Chieh_Chen,2
Tyler_Zhu,Nori_Kanazawa,2
Tyler_Zhu,Alexander_Toshev,2
Tyler_Zhu,Christoph_Bregler,2
Tyler_Zhu,Kelvin_Xu,1
Siqi_Liu,Tom_Weidong_Cai,28
Siqi_Liu,David_Dagan_Feng,19
Siqi_Liu,Sidong_Liu,15
Siqi_Liu,Yang_Song_0001,13
Siqi_Liu,Donghao_Zhang,12
Siqi_Liu,Ron_Kikinis,11
Siqi_Liu,Sonia_Pujol,11
Siqi_Liu,Hanchuan_Peng,9
Siqi_Liu,Nicolas_Heess,8
Deepak_Ravichandran,Eduard_H._Hovy,8
Deepak_Ravichandran,Patrick_Pantel,3
Deepak_Ravichandran,Shumeet_Baluja,3
Deepak_Ravichandran,D._Sivakumar,3
Deepak_Ravichandran,Ulf_Hermjakob,3
Deepak_Ravichandran,Rahul_Bhagat,2
Deepak_Ravichandran,Rohan_Seth,2
Deepak_Ravichandran,Chin-Yew_Lin,2
Deepak_Ravichandran,Mohamed_Aly_0002,1
Dengyong_Zhou,Lihong_Li_0001,9
Dengyong_Zhou,Qiang_Liu_0001,9
Dengyong_Zhou,Nihar_B._Shah,8
Dengyong_Zhou,Bernhard_Schölkopf,8
Dengyong_Zhou,Xi_Chen,5
Dengyong_Zhou,Chong_Wang,5
Dengyong_Zhou,Po-Sen_Huang,5
Dengyong_Zhou,Li_Deng_0001,4
Dengyong_Zhou,Jason_Weston,4
Yang_Li,Sidan_Du,12
Yang_Li,Rui_Tan,9
Yang_Li,Bin_Liu_0001,8
Yang_Li,Jindong_Tan,8
Yang_Li,Wei_Liang,8
Yang_Li,Yinlong_Zhang,8
Yang_Li,Huichen_Dai,7
Yang_Li,Xifeng_Yan,7
Yang_Li,Ying_Sha,7
Zhe_Zhao,Tao_Liu_0001,16
Zhe_Zhao,Xiaoyong_Du,16
Zhe_Zhao,Bofang_Li,11
Zhe_Zhao,Ed_H._Chi,8
Zhe_Zhao,Lichan_Hong,7
Zhe_Zhao,Qiaozhu_Mei,6
Zhe_Zhao,Jilin_Chen,6
Zhe_Zhao,Shen_Li,6
Zhe_Zhao,Shoubin_Kong,4
Alexey_Kurakin,Ian_J._Goodfellow,10
Alexey_Kurakin,Nicolas_Papernot,7
Alexey_Kurakin,Samy_Bengio,5
Alexey_Kurakin,Dan_Boneh,2
Alexey_Kurakin,Quoc_V._Le,2
Alexey_Kurakin,Jascha_Sohl-Dickstein,2
Alexey_Kurakin,Saurabh_Saxena,2
Alexey_Kurakin,Leonid_Mestetskiy,2
Alexey_Kurakin,Patrick_D._McDaniel,2
Menglong_Zhu,Kostas_Daniilidis,16
Menglong_Zhu,Xiaowei_Zhou,10
Menglong_Zhu,Konstantinos_G._Derpanis,6
Menglong_Zhu,Spyridon_Leonardos,6
Menglong_Zhu,Andrew_G._Howard,5
Menglong_Zhu,George_J._Pappas,4
Menglong_Zhu,Nikolay_Atanasov,4
Menglong_Zhu,Dmitry_Kalenichenko,4
Menglong_Zhu,Mason_Liu,3
Eugene_Brevdo,Dustin_Tran,3
Eugene_Brevdo,Rajat_Monga,3
Eugene_Brevdo,Andy_Davis,3
Eugene_Brevdo,Derek_Gordon_Murray,3
Eugene_Brevdo,Sanjay_Ghemawat,3
Eugene_Brevdo,Lukasz_Kaiser,3
Eugene_Brevdo,Martín_Abadi,3
Eugene_Brevdo,Paul_Barham_0001,3
Eugene_Brevdo,Manjunath_Kudlur,3
Dimitrios_Vardoulakis,Olin_Shivers,4
Dimitrios_Vardoulakis,Ondrej_Lhoták,1
Dimitrios_Vardoulakis,José_Nelson_Amaral,1
Dimitrios_Vardoulakis,Uday_P._Khedker,1
Dimitrios_Vardoulakis,Yannis_Smaragdakis,1
Dimitrios_Vardoulakis,Samuel_Z._Guyer,1
Dimitrios_Vardoulakis,Benjamin_Livshits,1
Dimitrios_Vardoulakis,Manu_Sridharan,1
Dimitrios_Vardoulakis,Anders_Møller,1
Jens_Riegelsberger,M._Angela_Sasse,10
Jens_Riegelsberger,John_D._McCarthy,7
Jens_Riegelsberger,Asimina_Vasalou,4
Jens_Riegelsberger,Yelena_Nakhimovsky,3
Jens_Riegelsberger,Dean_Eckles,2
Jens_Riegelsberger,Elizabeth_Ferrall-Nunge,2
Jens_Riegelsberger,Molly_M._Stevens,2
Jens_Riegelsberger,Patrick_Larvie,2
Jens_Riegelsberger,Shelly_Farnham,2
Stephen_DiVerdi,Tobias_Höllerer,20
Stephen_DiVerdi,Adam_Finkelstein,8
Stephen_DiVerdi,Jingwan_Lu,8
Stephen_DiVerdi,Jason_Wither,6
Stephen_DiVerdi,Aaron_Hertzmann,6
Stephen_DiVerdi,Ismo_Rakkolainen,5
Stephen_DiVerdi,Cuong_Nguyen_0003,4
Stephen_DiVerdi,Alex_Olwal,4
Stephen_DiVerdi,Feng_Liu_0015,3
Eugene_J._Shekita,Michael_J._Carey_0001,13
Eugene_J._Shekita,Jayavel_Shanmugasundaram,10
Eugene_J._Shekita,Vuk_Ercegovac,8
Eugene_J._Shekita,Sandeep_Tata,8
Eugene_J._Shekita,Kevin_S._Beyer,7
Eugene_J._Shekita,Jun_Rao,6
Eugene_J._Shekita,Marcus_Fontoura,6
Eugene_J._Shekita,Jerry_Kiernan,5
Eugene_J._Shekita,Hamid_Pirahesh,5
Peter_Kairouz,Pramod_Viswanath,16
Peter_Kairouz,Sewoong_Oh,16
Peter_Kairouz,Lalitha_Sankar,10
Peter_Kairouz,Ayfer_Özgür,7
Peter_Kairouz,Huseyin_A._Inan,7
Peter_Kairouz,Ram_Rajagopal,7
Peter_Kairouz,Giulia_C._Fanti,6
Peter_Kairouz,Kannan_Ramchandran,6
Peter_Kairouz,Xiao_Chen,5
Adam_Meyerson,Kamesh_Munagala,11
Adam_Meyerson,Serge_A._Plotkin,10
Adam_Meyerson,Brian_Tagiku,8
Adam_Meyerson,Ashish_Goel,8
Adam_Meyerson,Alan_Roytman,8
Adam_Meyerson,Sudipto_Guha,7
Adam_Meyerson,Gunes_Ercal,5
Adam_Meyerson,Lachlan_L._H._Andrew,4
Adam_Meyerson,Minghong_Lin,4
Ben_Appleton,Changming_Sun,7
Ben_Appleton,Hugues_Talbot,7
Ben_Appleton,Carlos_Leung,5
Ben_Appleton,Frank_Wallhoff,1
Ben_Appleton,Paolo_Ferrara,1
Ben_Appleton,Wolfgang_Rösel,1
Ben_Appleton,Andreas_Pichler,1
Ben_Appleton,Brian_C._Lovell,1
Ben_Appleton,Gunther_Reinhart,1
Carl_Vondrick,Antonio_Torralba_0001,29
Carl_Vondrick,Hamed_Pirsiavash,17
Carl_Vondrick,Deva_Ramanan,8
Carl_Vondrick,Yusuf_Aytar,7
Carl_Vondrick,Kevin_Murphy_0002,7
Carl_Vondrick,Aditya_Khosla,7
Carl_Vondrick,Chen_Sun,6
Carl_Vondrick,Cordelia_Schmid,6
Carl_Vondrick,Abhinav_Shrivastava,6
Ying_Xiao,Rif_A._Saurous,9
Ying_Xiao,Daisy_Stanton,7
Ying_Xiao,Yuxuan_Wang,7
Ying_Xiao,R._J._Skerry-Ryan,7
Ying_Xiao,Joel_Shor,5
Ying_Xiao,Eric_Battenberg,5
Ying_Xiao,Rob_Clark,5
Ying_Xiao,James_Janopaul-Naylor,4
Ying_Xiao,Shankar_Krishnan,4
Jingjie_Zheng,Daniel_Vogel_0001,3
Jingjie_Zheng,Xiaojun_Bi,3
Jingjie_Zheng,Shumin_Zhai,2
Jingjie_Zheng,Blaine_Lewis,2
Jingjie_Zheng,Suwen_Zhu,1
Jingjie_Zheng,Kuangdi_Yu,1
Jingjie_Zheng,Wenzhe_Cui,1
Jingjie_Zheng,Kun_Li,1
Jingjie_Zheng,Yang_Li,1
Junda_Liu,Scott_Shenker,5
Junda_Liu,Brighten_Godfrey,3
Junda_Liu,Giang_T._K._Nguyen,2
Junda_Liu,Rachit_Agarwal_0001,2
Junda_Liu,Jun_Li_0003,2
Junda_Liu,Baohua_Yang,2
Junda_Liu,Yibo_Xue,2
Junda_Liu,Matthew_Caesar,2
Junda_Liu,Michael_Schapira,2
Samantha_Ainsley,Eitan_Grinspun,1
Samantha_Ainsley,Linne_Ha,1
Samantha_Ainsley,Martin_Jansche,1
Samantha_Ainsley,Masayuki_Nanzawa,1
Samantha_Ainsley,Ara_Kim,1
Samantha_Ainsley,Etienne_Vouga,1
Samantha_Ainsley,Rasmus_Tamstorf,1
Bryan_Matthew_Klingner,James_F._O'Brien,4
Bryan_Matthew_Klingner,Bryan_E._Feldman,3
Bryan_Matthew_Klingner,Jonathan_Richard_Shewchuk,2
Bryan_Matthew_Klingner,David_Martin,1
Bryan_Matthew_Klingner,Martin_Wicke,1
Bryan_Matthew_Klingner,Nuttapong_Chentanez,1
Bryan_Matthew_Klingner,Sebastian_Burke,1
Bryan_Matthew_Klingner,Tolga_Göktekin,1
Bryan_Matthew_Klingner,Daniel_Ritchie,1
Max_Saltonstall,Betsy_Beyer,5
Max_Saltonstall,Luca_Cittadini,1
Max_Saltonstall,Filip_Zyzniewski,1
Max_Saltonstall,Michael_Janosko,1
Max_Saltonstall,Justin_McWilliams,1
Max_Saltonstall,Colin_Beske,1
Max_Saltonstall,Batz_Spear,1
Max_Saltonstall,Barclay_Osborn,1
Max_Saltonstall,Hunter_King,1
Ullas_Gargi,Rangachar_Kasturi,7
Ullas_Gargi,Sameer_K._Antani,4
Ullas_Gargi,Daniel_Tretter,3
Ullas_Gargi,Michael_Harville,2
Ullas_Gargi,Ramin_Samadani,2
Ullas_Gargi,S._Oswald,2
Ullas_Gargi,N._Chang,2
Ullas_Gargi,Sadashiva_Devadiga,2
Ullas_Gargi,D._A._Koshiba,2
Erik_McDermott,Shigeru_Katagiri,27
Erik_McDermott,Atsushi_Nakamura,13
Erik_McDermott,Shinji_Watanabe,6
Erik_McDermott,Yasuhiro_Minami,6
Erik_McDermott,Michiel_Bacchiani,5
Erik_McDermott,Ehsan_Variani,5
Erik_McDermott,Georg_Heigold,4
Erik_McDermott,Alain_Biem,4
Erik_McDermott,Andrew_W._Senior,4
Abhinav_Rastogi,Dilek_Hakkani-Tür,9
Abhinav_Rastogi,Raghav_Gupta,7
Abhinav_Rastogi,Larry_P._Heck,3
Abhinav_Rastogi,Samuel_R._Bowman,2
Abhinav_Rastogi,Guan-Lin_Chao,2
Abhinav_Rastogi,Christopher_D._Manning,2
Abhinav_Rastogi,Semih_Yavuz,2
Abhinav_Rastogi,Jon_Gauthier,2
Abhinav_Rastogi,Christopher_Potts,2
Makoto_Uchida,Susumu_Shirayama,9
Makoto_Uchida,Naoki_Shibata,2
Makoto_Uchida,Shumei_Kameyama,1
Makoto_Uchida,Nicolas_Remy,1
Makoto_Uchida,Koji_Okuhara,1
Makoto_Uchida,Hiroaki_Ishii,1
Makoto_Uchida,Takashi_Miwa,1
Makoto_Uchida,Masumi_Nakamura,1
Makoto_Uchida,Yoshiyuki_Takeda,1
Jonathan_T._Barron,Jitendra_Malik,10
Jonathan_T._Barron,Jiawen_Chen,9
Jonathan_T._Barron,Dillon_Sharlet,7
Jonathan_T._Barron,Ren_Ng,6
Jonathan_T._Barron,Tim_Brooks,6
Jonathan_T._Barron,Tianfan_Xue,6
Jonathan_T._Barron,Yun-Ta_Tsai,6
Jonathan_T._Barron,Neal_Wadhwa,6
Jonathan_T._Barron,Rahul_Garg,5
Ang_Li,Shuaiwen_Song,16
Ang_Li,Akash_Kumar_0001,12
Ang_Li,Qinghua_Li,11
Ang_Li,Henk_Corporaal,9
Ang_Li,ChangYang_Li,7
Ang_Li,David_Dagan_Feng,7
Ang_Li,Xiuying_Wang,6
Ang_Li,Yi-Gang_Cen,6
Ang_Li,Martin_C._Herbordt,5
Fabian_Pedregosa,Alexandre_Gramfort,19
Fabian_Pedregosa,Bertrand_Thirion,16
Fabian_Pedregosa,Gaël_Varoquaux,11
Fabian_Pedregosa,Michael_Eickenberg,8
Fabian_Pedregosa,Simon_Lacoste-Julien,8
Fabian_Pedregosa,Rémi_Leblond,6
Fabian_Pedregosa,Andreas_Mueller,4
Fabian_Pedregosa,Olivier_Grisel,4
Fabian_Pedregosa,Jacob_VanderPlas,4
Martin_Shelton,Jill_Palzkill_Woelfer,3
Martin_Shelton,Sunny_Consolvo,3
Martin_Shelton,Anna_Turner,3
Martin_Shelton,Tara_Matthews,3
Martin_Shelton,Kathleen_O'Leary,3
Martin_Shelton,Manya_Sleeper,3
Martin_Shelton,Elizabeth_F._Churchill,2
Martin_Shelton,Cori_Manthorne,2
Martin_Shelton,Max_Walker,1
Eric_Penner,Jim_R._Parker,1
Eric_Penner,Ross_Mitchell,1
Eric_Penner,Timothy_Lambert,1
Eric_Penner,Li_Zhang,1
Eric_Penner,Xi_M._Chen,1
Yishay_Mansour,Eyal_Even-Dar,32
Yishay_Mansour,Avrim_Blum,29
Yishay_Mansour,Michael_J._Kearns,27
Yishay_Mansour,Boaz_Patt-Shamir,23
Yishay_Mansour,Haim_Kaplan,21
Yishay_Mansour,Avinatan_Hassidim,20
Yishay_Mansour,Alexander_Kesselman,19
Yishay_Mansour,Baruch_Schieber,17
Yishay_Mansour,Nicolò_Cesa-Bianchi,16
Amit_Daniely,Shai_Shalev-Shwartz,19
Amit_Daniely,Nathan_Linial,11
Amit_Daniely,Yoram_Singer,5
Amit_Daniely,Sivan_Sabato,5
Amit_Daniely,Yishay_Mansour,3
Amit_Daniely,Shai_Ben-David,3
Amit_Daniely,Michael_Schapira,3
Amit_Daniely,Michael_E._Saks,3
Amit_Daniely,Roy_Frostig,3
John_Blitzer,Fernando_Pereira,10
John_Blitzer,Kilian_Q._Weinberger,6
John_Blitzer,Mark_Dredze,6
John_Blitzer,João_Graça,4
John_Blitzer,Kuzman_Ganchev,4
John_Blitzer,Koby_Crammer,3
John_Blitzer,Dan_Klein,3
John_Blitzer,Felix_Wu,3
John_Blitzer,Ben_Taskar,3
Marco_Cuturi,Gabriel_Peyré,20
Marco_Cuturi,Jean-Philippe_Vert,8
Marco_Cuturi,Alexandre_Gramfort,8
Marco_Cuturi,Hicham_Janati,6
Marco_Cuturi,Tam_Le,4
Marco_Cuturi,Aude_Genevay,4
Marco_Cuturi,Steve_Oudot,4
Marco_Cuturi,Nicolas_Bonneel,4
Marco_Cuturi,Kenji_Fukumizu,4
Massimiliano_Ciaramita,Neil_Houlsby,3
Massimiliano_Ciaramita,Christian_Buck,3
Massimiliano_Ciaramita,Andrea_Gesmundo,3
Massimiliano_Ciaramita,Wei_Wang,3
Massimiliano_Ciaramita,Jannis_Bulian,3
Massimiliano_Ciaramita,Wojciech_Gajewski,3
Douglas_Eck,Adam_Roberts,15
Douglas_Eck,Jesse_H._Engel,15
Douglas_Eck,Curtis_Hawthorne,9
Douglas_Eck,Jürgen_Schmidhuber,9
Douglas_Eck,Ian_Simon,7
Douglas_Eck,Colin_Raffel,7
Douglas_Eck,Cheng-Zhi_Anna_Huang,7
Douglas_Eck,Sageev_Oore,6
Douglas_Eck,Felix_A._Gers,6
William_V._Baxter_III,Ming_C._Lin,11
William_V._Baxter_III,Ken_Anjyo,6
William_V._Baxter_III,Vincent_Scheib,4
William_V._Baxter_III,Dinesh_Manocha,4
William_V._Baxter_III,Pascal_Barla,4
William_V._Baxter_III,Jeremy_D._Wendt,3
William_V._Baxter_III,Thorsten_Scheuermann,2
William_V._Baxter_III,Yuanxin_Liu,2
William_V._Baxter_III,Mark_J._Harris,2
Antonella_Pavese,Kerry_Rodden,1
Antonella_Pavese,Robin_Jeffries,1
Antonella_Pavese,Stephanie_B._Steinhardt,1
Antonella_Pavese,Richard_Boardman,1
Antonella_Pavese,Jeremy_P._Birnholtz,1
Antonella_Pavese,Irene_Au,1
Antonella_Pavese,Molly_M._Stevens,1
Antonella_Pavese,Jens_Riegelsberger,1
Antonella_Pavese,Patrick_Larvie,1
Sourish_Chaudhuri,Bhiksha_Raj,11
Sourish_Chaudhuri,Carolyn_Penstein_Rosé,9
Sourish_Chaudhuri,Rohit_Kumar_0001,6
Sourish_Chaudhuri,Rita_Singh,5
Sourish_Chaudhuri,Caroline_Pantofaru,5
Sourish_Chaudhuri,Iris_K._Howley,4
Sourish_Chaudhuri,Kevin_W._Wilson,4
Sourish_Chaudhuri,Malcolm_Slaney,4
Sourish_Chaudhuri,Daniel_P._W._Ellis,4
Radu_Soricut,Nan_Ding,8
Radu_Soricut,Daniel_Marcu,6
Radu_Soricut,Piyush_Sharma,6
Radu_Soricut,Lucia_Specia,5
Radu_Soricut,Philipp_Koehn,4
Radu_Soricut,Matt_Post,4
Radu_Soricut,Christof_Monz,4
Radu_Soricut,Sebastian_Goodman,4
Radu_Soricut,Tomer_Levinboim,3
Sarah_M._Loos,André_Platzer,10
Sarah_M._Loos,Christian_Szegedy,7
Sarah_M._Loos,Markus_N._Rabe,5
Sarah_M._Loos,Kshitij_Bansal,5
Sarah_M._Loos,David_W._Renshaw,2
Sarah_M._Loos,Nikos_Aréchiga,2
Sarah_M._Loos,Bruce_H._Krogh,2
Sarah_M._Loos,Stefan_Mitsch,2
Sarah_M._Loos,Geoffrey_Irving,2
Lucy_Vasserman,Lucas_Dixon,4
Lucy_Vasserman,Nithum_Thain,4
Lucy_Vasserman,Jeffrey_S._Sorensen,4
Lucy_Vasserman,Daniel_Borkan,3
Lucy_Vasserman,Simone_Wu,2
Lucy_Vasserman,Timnit_Gebru,2
Lucy_Vasserman,John_Li,2
Lucy_Vasserman,Elena_Spitzer,2
Lucy_Vasserman,Inioluwa_Deborah_Raji,2
Philip_M._Wells,Gurindar_S._Sohi,8
Philip_M._Wells,Koushik_Chakraborty,7
Philip_M._Wells,Michael_R._Marty,1
Philip_M._Wells,Dennis_Abts,1
Philip_M._Wells,Hong_Liu,1
Philip_M._Wells,Peter_Klausler,1
Ananda_Theertha_Suresh,Alon_Orlitsky,33
Ananda_Theertha_Suresh,Jayadev_Acharya,20
Ananda_Theertha_Suresh,Ashkan_Jafarpour,19
Ananda_Theertha_Suresh,Felix_X._Yu,12
Ananda_Theertha_Suresh,Moein_Falahatgar,10
Ananda_Theertha_Suresh,Venkatadheeraj_Pichapati,9
Ananda_Theertha_Suresh,Sanjiv_Kumar,9
Ananda_Theertha_Suresh,Hirakendu_Das,6
Ananda_Theertha_Suresh,Andrew_Thangaraj,5
Jesse_H._Engel,Adam_Roberts,16
Jesse_H._Engel,Douglas_Eck,15
Jesse_H._Engel,Curtis_Hawthorne,7
Jesse_H._Engel,Erich_Elsen,7
Jesse_H._Engel,Colin_Raffel,5
Jesse_H._Engel,Ian_Simon,5
Jesse_H._Engel,Awni_Y._Hannun,5
Jesse_H._Engel,Sander_Dieleman,4
Jesse_H._Engel,Zhenyao_Zhu,4
Lucia_Terrenghi,Andreas_Butz,4
Lucia_Terrenghi,Albrecht_Schmidt_0001,4
Lucia_Terrenghi,Otmar_Hilliges,3
Lucia_Terrenghi,Aaron_J._Quigley,3
Lucia_Terrenghi,Thomas_Lang,3
Lucia_Terrenghi,Marcus_Specht,3
Lucia_Terrenghi,Andreas_Zimmermann,2
Lucia_Terrenghi,Hendrik_Richter_0002,2
Lucia_Terrenghi,Milos_Kravcik,2
Catherine_Olsson,Ian_J._Goodfellow,7
Catherine_Olsson,Augustus_Odena,6
Catherine_Olsson,Tom_B._Brown,4
Catherine_Olsson,Samaneh_Azadi,2
Catherine_Olsson,Jacob_Buckman,2
Catherine_Olsson,Chris_Olah,2
Catherine_Olsson,Trevor_Darrell,2
Catherine_Olsson,Colin_Raffel,2
Catherine_Olsson,Plamen_Petrov,1
Markus_Freitag,Hermann_Ney,24
Markus_Freitag,Stephan_Peitz,18
Markus_Freitag,Matthias_Huck,13
Markus_Freitag,Jörn_Wübker,11
Markus_Freitag,Minwei_Feng,7
Markus_Freitag,Saab_Mansour,6
Markus_Freitag,Christoph_Schmidt,5
Markus_Freitag,Yaser_Al-Onaizan,5
Markus_Freitag,Alex_Waibel,5
Yu_Zhong,Jeffrey_P._Bigham,11
Yu_Zhong,Fu-Gui_Shi,7
Yu_Zhong,Erin_L._Brady,5
Yu_Zhong,Martin_D._F._Wong,5
Yu_Zhong,Walter_S._Lasecki,4
Yu_Zhong,Yuanchun_Shi,3
Yu_Zhong,Abhishek_Dutta,3
Yu_Zhong,Clara_M._Ionescu,3
Yu_Zhong,Robin_De_Keyser,3
Chris_Harrelson,Satish_Rao,5
Chris_Harrelson,Jittat_Fakcharoenphol,4
Chris_Harrelson,Kunal_Talwar,2
Chris_Harrelson,Hannah_Bast,1
Chris_Harrelson,Robert_Krauthgamer,1
Chris_Harrelson,Veselin_Raychev,1
Chris_Harrelson,Arno_Eigenwillig,1
Chris_Harrelson,Iordanis_Kerenidis,1
Chris_Harrelson,Éva_Tardos,1
James_Wexler,Fernanda_B._Viégas,3
James_Wexler,Jimbo_Wilson,3
James_Wexler,Martin_Wattenberg,3
James_Wexler,Mahima_Pushkarna,2
James_Wexler,Been_Kim,2
James_Wexler,Katherine_Chou,1
James_Wexler,Cheng-Zhi_Anna_Huang,1
James_Wexler,Leon_Hong,1
James_Wexler,Michael_Pearson,1
