Martial_Hebert,J._Andrew_Bagnell,51
Martial_Hebert,Alexei_A._Efros,22
Martial_Hebert,Abhinav_Gupta_0001,19
Martial_Hebert,Nicolas_Vandapel,19
Martial_Hebert,Jean_Ponce,18
Martial_Hebert,Takeo_Kanade,18
Martial_Hebert,Vittorio_Ferrari,16
Martial_Hebert,Yair_Weiss,16
Martial_Hebert,Cristian_Sminchisescu,16
Bruno_Sinopoli,Yilin_Mo,30
Bruno_Sinopoli,Sean_Weerakkody,27
Bruno_Sinopoli,João_M._F._Xavier,18
Bruno_Sinopoli,Dragana_Bajovic,16
Bruno_Sinopoli,José_M._F._Moura,15
Bruno_Sinopoli,Emanuele_Garone,12
Bruno_Sinopoli,Ling_Shi,10
Bruno_Sinopoli,Xiaoqi_Yin,10
Bruno_Sinopoli,Bruce_H._Krogh,9
Christopher_James_Langmead,Sumit_Kumar_Jha_0001,16
Christopher_James_Langmead,Bruce_Randall_Donald,9
Christopher_James_Langmead,Hetunandan_Kamisetty,7
Christopher_James_Langmead,Faraz_Hussain,5
Christopher_James_Langmead,Anthony_K._Yan,5
Christopher_James_Langmead,Susmit_Jha,5
Christopher_James_Langmead,Eric_P._Xing,3
Christopher_James_Langmead,Axel_Legay,3
Christopher_James_Langmead,C._Robertson_McClung,3
Guy_E._Blelloch,Julian_Shun,38
Guy_E._Blelloch,Phillip_B._Gibbons,37
Guy_E._Blelloch,Yan_Gu_0001,25
Guy_E._Blelloch,Yihan_Sun_0001,22
Guy_E._Blelloch,Umut_A._Acar,20
Guy_E._Blelloch,Kanat_Tangwongsan,19
Guy_E._Blelloch,Jeremy_T._Fineman,19
Guy_E._Blelloch,Robert_Harper_0001,17
Guy_E._Blelloch,Russell_Schwartz,14
Alan_W._Black,Maxine_Eskénazi,20
Alan_W._Black,Kevin_A._Lenzo,20
Alan_W._Black,Tanja_Schultz,17
Alan_W._Black,Kishore_Prahallad,17
Alan_W._Black,Isabel_Trancoso,16
Alan_W._Black,Brian_Langner,15
Alan_W._Black,Wang_Ling,14
Alan_W._Black,Alexander_I._Rudnicky,13
Alan_W._Black,Florian_Metze,13
Jason_I._Hong,James_A._Landay,22
Jason_I._Hong,Lorrie_Faith_Cranor,19
Jason_I._Hong,Norman_M._Sadeh,19
Jason_I._Hong,Sauvik_Das,12
Jason_I._Hong,Eiji_Hayashi,9
Jason_I._Hong,Laura_A._Dabbish,9
Jason_I._Hong,Jason_Wiese,9
Jason_I._Hong,Jialiu_Lin,9
Jason_I._Hong,Yuvraj_Agarwal,8
David_G._Andersen,Michael_Kaminsky,67
David_G._Andersen,Hyeontaek_Lim,22
David_G._Andersen,Srinivasan_Seshan,14
David_G._Andersen,Hari_Balakrishnan,13
David_G._Andersen,Anuj_Kalia,12
David_G._Andersen,Vijay_Vasudevan,10
David_G._Andersen,Iulian_Moraru,10
David_G._Andersen,Bin_Fan,10
David_G._Andersen,Amar_Phanishayee,8
John_Zimmerman,Jodi_Forlizzi,32
John_Zimmerman,Anthony_Tomasic,19
John_Zimmerman,Nevenka_Dimitrova,13
John_Zimmerman,Aaron_Steinfeld,12
John_Zimmerman,Lalitha_Agnihotri,12
John_Zimmerman,William_Odom,11
John_Zimmerman,Jason_Wiese,9
John_Zimmerman,Jason_I._Hong,8
John_Zimmerman,Scott_Davidoff,6
Christopher_G._Atkeson,Stefan_Schaal,19
Christopher_G._Atkeson,Gordon_Cheng,15
Christopher_G._Atkeson,Siyuan_Feng,13
Christopher_G._Atkeson,X._Xinjilefu_0001,13
Christopher_G._Atkeson,Ales_Ude,13
Christopher_G._Atkeson,Darrin_C._Bentivegna,12
Christopher_G._Atkeson,Jun_Morimoto,11
Christopher_G._Atkeson,Akihiko_Yamaguchi,10
Christopher_G._Atkeson,Akshara_Rai,10
Seth_Copen_Goldstein,Jason_Campbell,17
Seth_Copen_Goldstein,Padmanabhan_Pillai,16
Seth_Copen_Goldstein,Mihai_Budiu,15
Seth_Copen_Goldstein,Girish_Venkataramani,13
Seth_Copen_Goldstein,Julien_Bourgeois,10
Seth_Copen_Goldstein,Peter_Lee_0001,10
Seth_Copen_Goldstein,Michael_DeRosa,9
Seth_Copen_Goldstein,Todd_C._Mowry,8
Seth_Copen_Goldstein,Tiberiu_Chelcea,8
Claire_Le_Goues,Stephanie_Forrest,16
Claire_Le_Goues,Westley_Weimer,15
Claire_Le_Goues,David_Lo_0001,10
Claire_Le_Goues,Xuan-Bach_D._Le,7
Claire_Le_Goues,Rijnard_van_Tonder,7
Claire_Le_Goues,Zack_Coker,6
Claire_Le_Goues,Christopher_Steven_Timperley,6
Claire_Le_Goues,Yuriy_Brun,6
Claire_Le_Goues,ThanhVu_Nguyen,5
Todd_C._Mowry,Phillip_B._Gibbons,32
Todd_C._Mowry,Michael_A._Kozuch,26
Todd_C._Mowry,Onur_Mutlu,21
Todd_C._Mowry,Shimin_Chen,16
Todd_C._Mowry,Anastasia_Ailamaki,15
Todd_C._Mowry,Gennady_Pekhimenko,14
Todd_C._Mowry,Vivek_Seshadri,13
Todd_C._Mowry,J._Gregory_Steffan,11
Todd_C._Mowry,Christopher_B._Colohan,10
Norman_M._Sadeh,Lorrie_Faith_Cranor,25
Norman_M._Sadeh,Florian_Schaub,21
Norman_M._Sadeh,Jason_I._Hong,19
Norman_M._Sadeh,Michael_Benisch,18
Norman_M._Sadeh,Patrick_Gage_Kelley,18
Norman_M._Sadeh,Shomir_Wilson,15
Norman_M._Sadeh,Jialiu_Lin,11
Norman_M._Sadeh,Alessandro_Acquisti,10
Norman_M._Sadeh,Eran_Toch,9
Vipul_Goyal,Amit_Sahai,48
Vipul_Goyal,Abhishek_Jain_0002,31
Vipul_Goyal,Rafail_Ostrovsky,18
Vipul_Goyal,Nishanth_Chandran,16
Vipul_Goyal,Omkant_Pandey,14
Vipul_Goyal,Aayush_Jain,10
Vipul_Goyal,Dakshita_Khurana,8
Vipul_Goyal,Silas_Richelson,8
Vipul_Goyal,Saikrishna_Badrinarayanan,7
Henny_Admoni,Brian_Scassellati,15
Henny_Admoni,Siddhartha_S._Srinivasa,11
Henny_Admoni,Eric_Aaron,3
Henny_Admoni,Shervin_Javdani,3
Henny_Admoni,Stephanie_Rosenthal,3
Henny_Admoni,Stefania_Pellegrinelli,3
Henny_Admoni,Rosario_Scalise,3
Henny_Admoni,Shen_Li,3
Henny_Admoni,Bradley_Hayes,3
James_McCann,Nancy_S._Pollard,9
James_McCann,Jennifer_Mankoff,8
James_McCann,Scott_E._Hudson,7
James_McCann,Lea_Albaugh,5
James_McCann,Levent_Burak_Kara,4
James_McCann,Ticha_Sethapakdi,4
James_McCann,Jessica_K._Hodgins,4
James_McCann,Erva_Ulu,4
James_McCann,Wilmot_Li,3
Deva_Ramanan,Charless_C._Fowlkes,19
Deva_Ramanan,James_Steven_Supancic_III,14
Deva_Ramanan,Yi_Yang_0007,11
Deva_Ramanan,Grégory_Rogez,10
Deva_Ramanan,Peiyun_Hu,10
Deva_Ramanan,David_A._Forsyth,9
Deva_Ramanan,Aayush_Bansal,8
Deva_Ramanan,Carl_Vondrick,8
Deva_Ramanan,Rohit_Girdhar,8
Tai_Sing_Lee,Yimeng_Zhang,5
Tai_Sing_Lee,Brian_Potetz,4
Tai_Sing_Lee,Ryan_C._Kelly,4
Tai_Sing_Lee,Hao_Wang,4
Tai_Sing_Lee,Alan_L._Yuille,4
Tai_Sing_Lee,Yuncai_Liu,4
Tai_Sing_Lee,Xiong_Li,4
Tai_Sing_Lee,Xingyu_Lin,4
Tai_Sing_Lee,Stella_X._Yu,3
Laura_A._Dabbish,Robert_E._Kraut,12
Laura_A._Dabbish,James_D._Herbsleb,11
Laura_A._Dabbish,Jennifer_Marlow,10
Laura_A._Dabbish,Sara_B._Kiesler,9
Laura_A._Dabbish,Jason_I._Hong,9
Laura_A._Dabbish,Jason_Tsay,7
Laura_A._Dabbish,Fannie_Liu,7
Laura_A._Dabbish,H._Colleen_Stuart,6
Laura_A._Dabbish,Ruogu_Kang,5
Anupam_Datta,Jeremiah_Blocki,27
Anupam_Datta,John_C._Mitchell,26
Anupam_Datta,Ante_Derek,18
Anupam_Datta,Shayak_Sen,16
Anupam_Datta,Deepak_Garg_0001,15
Anupam_Datta,Limin_Jia,14
Anupam_Datta,Arunesh_Sinha,14
Anupam_Datta,Michael_Carl_Tschantz,12
Anupam_Datta,Nicolas_Christin,10
Brad_A._Myers,Amy_J._Ko,33
Brad_A._Myers,Jacob_O._Wobbrock,21
Brad_A._Myers,Margaret_M._Burnett,19
Brad_A._Myers,Christopher_Scaffidi,19
Brad_A._Myers,Jeffrey_Stylos,18
Brad_A._Myers,Jeffrey_Nichols,18
Brad_A._Myers,Rob_Miller_0001,17
Brad_A._Myers,Andrew_Faulring,16
Brad_A._Myers,Michael_J._Coblenz,13
Stephen_D._Brookes,Michael_W._Mislove,9
Stephen_D._Brookes,Michael_G._Main,4
Stephen_D._Brookes,Austin_Melton,4
Stephen_D._Brookes,A._W._Roscoe,4
Stephen_D._Brookes,Ryan_Kavanagh,4
Stephen_D._Brookes,Peter_W._O'Hearn,3
Stephen_D._Brookes,Shai_Geva,3
Stephen_D._Brookes,Achim_Jung,2
Stephen_D._Brookes,David_A._Schmidt,2
Robert_E._Kraut,Aniket_Kittur,28
Robert_E._Kraut,Sara_B._Kiesler,15
Robert_E._Kraut,Moira_Burke,13
Robert_E._Kraut,Laura_A._Dabbish,12
Robert_E._Kraut,Robert_S._Fish,12
Robert_E._Kraut,Haiyi_Zhu,12
Robert_E._Kraut,Susan_R._Fussell,11
Robert_E._Kraut,Diyi_Yang,11
Robert_E._Kraut,William_L._Scherlis,9
Daniel_P._Siewiorek,Asim_Smailagic,86
Daniel_P._Siewiorek,Zary_Segall,12
Daniel_P._Siewiorek,Thomas_L._Martin,10
Daniel_P._Siewiorek,John_Stivoric,8
Daniel_P._Siewiorek,Mario_Barbacci,7
Daniel_P._Siewiorek,Leonard_J._Bass,7
Daniel_P._Siewiorek,Anurag_P._Gupta,6
Daniel_P._Siewiorek,Jeremy_Shaffer,6
Daniel_P._Siewiorek,Samuel_H._Fuller,6
Takeo_Kanade,Jeffrey_F._Cohn,35
Takeo_Kanade,Simon_Baker,27
Takeo_Kanade,Yaser_Sheikh,19
Takeo_Kanade,Mei_Chen,18
Takeo_Kanade,Martial_Hebert,18
Takeo_Kanade,Zhaozheng_Yin,16
Takeo_Kanade,Seungil_Huh,15
Takeo_Kanade,Jing_Xiao,13
Takeo_Kanade,Jun-Sik_Kim,12
Kathleen_M._Carley,Kenneth_Joseph,20
Kathleen_M._Carley,L._Richard_Carley,15
Kathleen_M._Carley,Wei_Wei_0019,14
Kathleen_M._Carley,Binxuan_Huang,14
Kathleen_M._Carley,Ghita_Mezzour,10
Kathleen_M._Carley,Jana_Diesner,10
Kathleen_M._Carley,Geoffrey_P._Morgan,9
Kathleen_M._Carley,Miray_Kas,8
Kathleen_M._Carley,Jürgen_Pfeffer,8
Keenan_Crane,Peter_Schröder,6
Keenan_Crane,Mathieu_Desbrun,4
Keenan_Crane,Yousuf_Soliman,4
Keenan_Crane,Ulrich_Pinkall,4
Keenan_Crane,Nicholas_Sharp,4
Keenan_Crane,Max_Wardetzky,3
Keenan_Crane,Clarisse_Weischedel,3
Keenan_Crane,Rohan_Sawhney,2
Keenan_Crane,Jared_Hoberock,2
Mahadev_Satyanarayanan,Padmanabhan_Pillai,23
Mahadev_Satyanarayanan,Jan_Harkes,19
Mahadev_Satyanarayanan,Kiryong_Ha,17
Mahadev_Satyanarayanan,Lily_B._Mummert,14
Mahadev_Satyanarayanan,Zhuo_Chen,13
Mahadev_Satyanarayanan,James_J._Kistler,12
Mahadev_Satyanarayanan,Brian_D._Noble,12
Mahadev_Satyanarayanan,Eyal_de_Lara,12
Mahadev_Satyanarayanan,Puneet_Kumar_0001,11
Edmund_M._Clarke,Orna_Grumberg,30
Edmund_M._Clarke,Somesh_Jha,27
Edmund_M._Clarke,Sicun_Gao,26
Edmund_M._Clarke,Helmut_Veith,23
Edmund_M._Clarke,Paolo_Zuliani,20
Edmund_M._Clarke,Sagar_Chaki,18
Edmund_M._Clarke,Daniel_Kroening,17
Edmund_M._Clarke,Sérgio_Vale_Aguiar_Campos,17
Edmund_M._Clarke,Soonho_Kong,16
Sara_B._Kiesler,Susan_R._Fussell,20
Sara_B._Kiesler,Jodi_Forlizzi,17
Sara_B._Kiesler,Robert_E._Kraut,15
Sara_B._Kiesler,Min_Kyung_Lee,12
Sara_B._Kiesler,Laura_A._Dabbish,9
Sara_B._Kiesler,Jessica_K._Hodgins,8
Sara_B._Kiesler,Ruogu_Kang,8
Sara_B._Kiesler,Yuqing_Ren,7
Sara_B._Kiesler,William_L._Scherlis,7
David_Held,Pieter_Abbeel,12
David_Held,Sebastian_Thrun,10
David_Held,Silvio_Savarese,7
David_Held,Carlos_Florensa,6
David_Held,Jesse_Levinson,5
David_Held,Christoph_Mertz,3
David_Held,Wentao_Yuan,3
David_Held,Anca_D._Dragan,3
David_Held,Michael_Zhang,3
Srinivasa_G._Narasimhan,Shree_K._Nayar,20
Srinivasa_G._Narasimhan,Mohit_Gupta_0001,10
Srinivasa_G._Narasimhan,Yuandong_Tian,10
Srinivasa_G._Narasimhan,Sanjeev_J._Koppal,9
Srinivasa_G._Narasimhan,Supreeth_Achar,7
Srinivasa_G._Narasimhan,Takeo_Kanade,7
Srinivasa_G._Narasimhan,Minh_Vo,6
Srinivasa_G._Narasimhan,Alexei_A._Efros,6
Srinivasa_G._Narasimhan,Jean-François_Lalonde,6
K._V._Rashmi,Nihar_B._Shah,34
K._V._Rashmi,Kannan_Ramchandran,27
K._V._Rashmi,P._Vijay_Kumar,21
K._V._Rashmi,Preetum_Nakkiran,5
K._V._Rashmi,Jack_Kosaian,5
K._V._Rashmi,Dikang_Gu,3
K._V._Rashmi,Dhruba_Borthakur,3
K._V._Rashmi,Shivaram_Venkataraman,3
K._V._Rashmi,Hairong_Kuang,3
Brandon_Lucia,Luis_Ceze,11
Brandon_Lucia,Alexei_Colin,9
Brandon_Lucia,Vignesh_Balaji,5
Brandon_Lucia,Kiwan_Maeng,5
Brandon_Lucia,Joseph_Devietti,5
Brandon_Lucia,Karin_Strauss,4
Brandon_Lucia,Graham_Gobieski,3
Brandon_Lucia,Nathan_Beckmann,3
Brandon_Lucia,Hasan_Hassan,3
James_P._Callan,W._Bruce_Croft,20
James_P._Callan,Chenyan_Xiong,20
James_P._Callan,Luo_Si,17
James_P._Callan,Kevyn_Collins-Thompson,14
James_P._Callan,Zhuyun_Dai,13
James_P._Callan,Paul_Ogilvie,13
James_P._Callan,Grace_Hui_Yang,10
James_P._Callan,Jaime_G._Carbonell,10
James_P._Callan,Jie_Lu_0002,10
Diana_Marculescu,Radu_Marculescu,51
Diana_Marculescu,Siddharth_Garg,28
Diana_Marculescu,Da-Cheng_Juan,21
Diana_Marculescu,Massoud_Pedram,18
Diana_Marculescu,Ruizhou_Ding,18
Diana_Marculescu,Partha_Pratim_Pande,16
Diana_Marculescu,Dimitrios_Stamoulis,15
Diana_Marculescu,Ryan_Gary_Kim,14
Diana_Marculescu,Natasa_Miskov-Zivanov,12
Ariel_D._Procaccia,Jeffrey_S._Rosenschein,33
Ariel_D._Procaccia,Nisarg_Shah_0001,28
Ariel_D._Procaccia,Ioannis_Caragiannis,25
Ariel_D._Procaccia,Nika_Haghtalab,17
Ariel_D._Procaccia,David_Kurokawa,13
Ariel_D._Procaccia,Tuomas_Sandholm,11
Ariel_D._Procaccia,Yair_Zick,10
Ariel_D._Procaccia,Felix_A._Fischer,10
Ariel_D._Procaccia,Avrim_Blum,10
Umut_A._Acar,Guy_E._Blelloch,20
Umut_A._Acar,James_Cheney,13
Umut_A._Acar,Mike_Rainey,11
Umut_A._Acar,Amal_Ahmed,10
Umut_A._Acar,Robert_Harper_0001,10
Umut_A._Acar,Arthur_Charguéraud,10
Umut_A._Acar,Matthias_Blume,9
Umut_A._Acar,Yan_Chen_0001,8
Umut_A._Acar,Kanat_Tangwongsan,8
Vincent_Aleven,Kenneth_R._Koedinger,37
Vincent_Aleven,Bruce_M._McLaren,29
Vincent_Aleven,Kevin_D._Ashley,29
Vincent_Aleven,Nikol_Rummel,23
Vincent_Aleven,Collin_Lynch,18
Vincent_Aleven,Niels_Pinkwart,17
Vincent_Aleven,Jonathan_Sewall,17
Vincent_Aleven,Ido_Roll,17
Vincent_Aleven,Ryan_Baker_0001,14
Robert_Harper_0001,Guy_E._Blelloch,17
Robert_Harper_0001,Karl_Crary,15
Robert_Harper_0001,Daniel_R._Licata,10
Robert_Harper_0001,Umut_A._Acar,10
Robert_Harper_0001,Carlo_Angiuli,8
Robert_Harper_0001,Peter_Lee_0001,8
Robert_Harper_0001,J._Gregory_Morrisett,7
Robert_Harper_0001,Frank_Pfenning,7
Robert_Harper_0001,John_C._Mitchell,6
Simon_Lucey,Sridha_Sridharan,46
Simon_Lucey,Jeffrey_F._Cohn,26
Simon_Lucey,Chen_Kong,16
Simon_Lucey,Chen-Hsuan_Lin,16
Simon_Lucey,Tsuhan_Chen,15
Simon_Lucey,Chaoyang_Wang,14
Simon_Lucey,Hamed_Kiani_Galoogahi,13
Simon_Lucey,Patrick_Lucey,13
Simon_Lucey,Clinton_Fookes,12
Luis_von_Ahn,Nicholas_Hopper,9
Luis_von_Ahn,Edith_Law,7
Luis_von_Ahn,Manuel_Blum_0001,6
Luis_von_Ahn,John_Langford_0001,6
Luis_von_Ahn,Laura_A._Dabbish,3
Luis_von_Ahn,Mihir_Kedia,3
Luis_von_Ahn,Ruoran_Liu,2
Luis_von_Ahn,Andrew_Bortz,2
Luis_von_Ahn,Panagiotis_G._Ipeirotis,2
Alonzo_Kelly,Anthony_Stentz,13
Alonzo_Kelly,Thomas_M._Howard,11
Alonzo_Kelly,Neal_Seegmiller,11
Alonzo_Kelly,Herman_Herman,9
Alonzo_Kelly,Mihail_Pivtoraiko,9
Alonzo_Kelly,Peter_Rander,6
Alonzo_Kelly,Randy_Warner,6
Alonzo_Kelly,Forrest_Rogers-Marcovitz,5
Alonzo_Kelly,Michael_David_George,5
Randal_E._Bryant,Miroslav_N._Velev,20
Randal_E._Bryant,Sanjit_A._Seshia,18
Randal_E._Bryant,Shuvendu_K._Lahiri,11
Randal_E._Bryant,Alok_Jain,8
Randal_E._Bryant,Yirng-An_Chen,7
Randal_E._Bryant,Derek_L._Beatty,6
Randal_E._Bryant,Amit_Goel,5
Randal_E._Bryant,Carl-Johan_H._Seger,5
Randal_E._Bryant,Manish_Pandey,5
Hartmut_Geyer,Seungmoon_Song,10
Hartmut_Geyer,Nitish_Thatte,7
Hartmut_Geyer,William_C._Martin,7
Hartmut_Geyer,Albert_Wu,6
Hartmut_Geyer,Christopher_G._Atkeson,4
Hartmut_Geyer,Ruta_Desai,4
Hartmut_Geyer,Alexander_Clifford_Schepelmann,4
Hartmut_Geyer,Akshara_Rai,4
Hartmut_Geyer,Jonathan_W._Hurst,3
Nihar_B._Shah,Kannan_Ramchandran,36
Nihar_B._Shah,K._V._Rashmi,34
Nihar_B._Shah,P._Vijay_Kumar,21
Nihar_B._Shah,Martin_J._Wainwright,16
Nihar_B._Shah,Sivaraman_Balakrishnan,13
Nihar_B._Shah,Dengyong_Zhou,8
Nihar_B._Shah,Kangwook_Lee,6
Nihar_B._Shah,Abhay_Parekh,5
Nihar_B._Shah,Jingyan_Wang_0001,4
Deepak_Pathak,Trevor_Darrell,26
Deepak_Pathak,Alexei_A._Efros,17
Deepak_Pathak,Pulkit_Agrawal,13
Deepak_Pathak,Philipp_Krähenbühl,5
Deepak_Pathak,Jitendra_Malik,5
Deepak_Pathak,Dian_Chen,5
Deepak_Pathak,Yide_Shentu,5
Deepak_Pathak,Thomas_L._Griffiths,4
Deepak_Pathak,Rachit_Dubey,4
Anupam_Gupta,Amit_Kumar_0001,45
Anupam_Gupta,Viswanath_Nagarajan,38
Anupam_Gupta,R._Ravi_0001,33
Anupam_Gupta,Kunal_Talwar,27
Anupam_Gupta,Ravishankar_Krishnaswamy,25
Anupam_Gupta,Jason_Li,12
Anupam_Gupta,Nikhil_Bansal,12
Anupam_Gupta,T.-H._Hubert_Chan,12
Anupam_Gupta,Aaron_Roth_0001,10
Vyas_Sekar,Hui_Zhang_0001,27
Vyas_Sekar,Michael_K._Reiter,19
Vyas_Sekar,Srinivasan_Seshan,15
Vyas_Sekar,Junchen_Jiang,15
Vyas_Sekar,Seyed_Kaveh_Fayaz,14
Vyas_Sekar,Aditya_Akella,13
Vyas_Sekar,Ion_Stoica,11
Vyas_Sekar,Athula_Balachandran,9
Vyas_Sekar,Bruno_Sinopoli,8
Peter_Steenkiste,Glenn_Judd,16
Peter_Steenkiste,Srinivasan_Seshan,16
Peter_Steenkiste,Thomas_R._Gross,11
Peter_Steenkiste,Mei-Hsuan_Lu,10
Peter_Steenkiste,Urs_Hengartner,10
Peter_Steenkiste,Jun_Gao,9
Peter_Steenkiste,Konstantina_Papagiannaki,9
Peter_Steenkiste,Tsuhan_Chen,9
Peter_Steenkiste,An-Cheng_Huang,8
Eric_P._Xing,Xiaodan_Liang,61
Eric_P._Xing,Zhiting_Hu,52
Eric_P._Xing,Pengtao_Xie,50
Eric_P._Xing,Qirong_Ho,43
Eric_P._Xing,Wei_Dai_0003,34
Eric_P._Xing,Jun_Zhu_0001,28
Eric_P._Xing,Hao_Zhang_0025,23
Eric_P._Xing,Ruslan_Salakhutdinov,23
Eric_P._Xing,Seunghak_Lee,19
Aarti_Singh,Yining_Wang,32
Aarti_Singh,Sivaraman_Balakrishnan,26
Aarti_Singh,Larry_A._Wasserman,25
Aarti_Singh,Barnabás_Póczos,22
Aarti_Singh,Simon_S._Du,17
Aarti_Singh,Akshay_Krishnamurthy,15
Aarti_Singh,Alessandro_Rinaldo,15
Aarti_Singh,Aaditya_Ramdas,15
Aarti_Singh,James_Sharpnack,11
Farnam_Jahanian,Michael_Bailey,16
Farnam_Jahanian,G._Robert_Malan,13
Farnam_Jahanian,Evan_Cooke,11
Farnam_Jahanian,David_Watson,10
Farnam_Jahanian,Craig_Labovitz,8
Farnam_Jahanian,Scott_Dawson,8
Farnam_Jahanian,Jon_Oberheide,7
Farnam_Jahanian,Aloysius_K._Mok,6
Farnam_Jahanian,Sushant_Sinha,5
Kun_Zhang_0001,Bernhard_Schölkopf,30
Kun_Zhang_0001,Lai-Wan_Chan,21
Kun_Zhang_0001,Mingming_Gong,18
Kun_Zhang_0001,Clark_Glymour,14
Kun_Zhang_0001,Aapo_Hyvärinen,14
Kun_Zhang_0001,Dominik_Janzing,14
Kun_Zhang_0001,Biwei_Huang,12
Kun_Zhang_0001,Negar_Kiyavash,11
Kun_Zhang_0001,Dacheng_Tao,9
Yulia_Tsvetkov,Chris_Dyer,27
Yulia_Tsvetkov,Manaal_Faruqui,15
Yulia_Tsvetkov,Shuly_Wintner,11
Yulia_Tsvetkov,Alan_W._Black,11
Yulia_Tsvetkov,Anjalie_Field,6
Yulia_Tsvetkov,Archna_Bhatia,5
Yulia_Tsvetkov,Daniel_Jurafsky,5
Yulia_Tsvetkov,Lori_S._Levin,5
Yulia_Tsvetkov,Guillaume_Lample,4
Gregory_R._Ganger,Garth_A._Gibson,21
Gregory_R._Ganger,Phillip_B._Gibbons,14
Gregory_R._Ganger,John_D._Strunk,12
Gregory_R._Ganger,Steven_W._Schlosser,12
Gregory_R._Ganger,Michael_A._Kozuch,12
Gregory_R._Ganger,Raja_R._Sambasivan,12
Gregory_R._Ganger,Eno_Thereska,11
Gregory_R._Ganger,Matthew_Wachs,11
Gregory_R._Ganger,Jiri_Schindler,11
Chinmay_Kulkarni,Scott_R._Klemmer,13
Chinmay_Kulkarni,Yasmine_Kotturi,8
Chinmay_Kulkarni,Michael_S._Bernstein,6
Chinmay_Kulkarni,Julia_Cambre,6
Chinmay_Kulkarni,Robert_Ricci,3
Chinmay_Kulkarni,Ryan_Stutsman,3
Chinmay_Kulkarni,Osman_S._Unsal,2
Chinmay_Kulkarni,Adrián_Cristal,2
Chinmay_Kulkarni,Ole_J._Mengshoel,2
Jessica_K._Hodgins,Elizabeth_J._Carter,16
Jessica_K._Hodgins,James_F._O'Brien,13
Jessica_K._Hodgins,Katsu_Yamane,11
Jessica_K._Hodgins,Nancy_S._Pollard,10
Jessica_K._Hodgins,Moshe_Mahler,10
Jessica_K._Hodgins,Jodi_Forlizzi,8
Jessica_K._Hodgins,Yaser_Sheikh,8
Jessica_K._Hodgins,Sara_B._Kiesler,8
Jessica_K._Hodgins,Ariel_Shamir,7
Chris_Harrison,Scott_E._Hudson,38
Chris_Harrison,Robert_Xiao,23
Chris_Harrison,Gierad_Laput,21
Chris_Harrison,Yang_Zhang,15
Chris_Harrison,Julia_Schwarz,8
Chris_Harrison,Mayank_Goel,7
Chris_Harrison,Jennifer_Mankoff,7
Chris_Harrison,Ivan_Poupyrev,6
Chris_Harrison,Karan_Ahuja,6
Kemal_Oflazer,Houda_Bouamor,16
Kemal_Oflazer,Behrang_Mohit,13
Kemal_Oflazer,Wajdi_Zaghouani,11
Kemal_Oflazer,Nizar_Habash,9
Kemal_Oflazer,Gökhan_Tür,9
Kemal_Oflazer,Ossama_Obeid,8
Kemal_Oflazer,Dilek_Hakkani-Tür,7
Kemal_Oflazer,Ilknur_Durgar_El-Kahlout,5
Kemal_Oflazer,Ahmed_Salama,4
Changliu_Liu,Masayoshi_Tomizuka,23
Changliu_Liu,Mykel_J._Kochenderfer,6
Changliu_Liu,Wei_Zhan,3
Changliu_Liu,Hsien-Chung_Lin,3
Changliu_Liu,Chung-Yen_Lin,3
Changliu_Liu,Yujiao_Cheng,3
Changliu_Liu,Raunak_P._Bhattacharyya,2
Changliu_Liu,Ching-Yao_Chan,2
Changliu_Liu,Derek_J._Phillips,2
Radu_Marculescu,Diana_Marculescu,51
Radu_Marculescu,Paul_Bogdan,35
Radu_Marculescu,Ümit_Y._Ogras,31
Radu_Marculescu,Partha_Pratim_Pande,19
Radu_Marculescu,Massoud_Pedram,18
Radu_Marculescu,Kartikeya_Bhardwaj,14
Radu_Marculescu,Ryan_Gary_Kim,14
Radu_Marculescu,Jingcao_Hu,11
Radu_Marculescu,Janardhan_Rao_Doppa,10
J._Andrew_Bagnell,Martial_Hebert,51
J._Andrew_Bagnell,Anthony_Stentz,23
J._Andrew_Bagnell,Wen_Sun_0002,21
J._Andrew_Bagnell,Siddhartha_S._Srinivasa,18
J._Andrew_Bagnell,Arun_Venkatraman,17
J._Andrew_Bagnell,Brian_D._Ziebart,17
J._Andrew_Bagnell,Debadeepta_Dey,15
J._Andrew_Bagnell,Byron_Boots,15
J._Andrew_Bagnell,Anind_K._Dey,13
Nancy_S._Pollard,Siddhartha_S._Srinivasa,15
Nancy_S._Pollard,Jessica_K._Hodgins,10
Nancy_S._Pollard,James_McCann,9
Nancy_S._Pollard,Michael_C._Koval,9
Nancy_S._Pollard,Lillian_Y._Chang,8
Nancy_S._Pollard,Matthew_Klingensmith,6
Nancy_S._Pollard,Junggon_Kim,6
Nancy_S._Pollard,J._Andrew_Bagnell,5
Nancy_S._Pollard,Christos_Faloutsos,5
Katerina_Fragkiadaki,Hsiao-Yu_Fish_Tung,10
Katerina_Fragkiadaki,Jitendra_Malik,9
Katerina_Fragkiadaki,Adam_W._Harley,7
Katerina_Fragkiadaki,Ricson_Cheng,6
Katerina_Fragkiadaki,Jianbo_Shi,6
Katerina_Fragkiadaki,Pablo_Andrés_Arbeláez,4
Katerina_Fragkiadaki,Arpit_Agarwal,4
Katerina_Fragkiadaki,Panna_Felsen,3
Katerina_Fragkiadaki,Sergey_Levine,3
Tuomas_Sandholm,Vincent_Conitzer,58
Tuomas_Sandholm,Christian_Kroer,33
Tuomas_Sandholm,Gabriele_Farina,27
Tuomas_Sandholm,Andrew_Gilpin,26
Tuomas_Sandholm,John_P._Dickerson,24
Tuomas_Sandholm,Noam_Brown,24
Tuomas_Sandholm,Sam_Ganzfried,16
Tuomas_Sandholm,Kate_Larson,15
Tuomas_Sandholm,Abraham_Othman,14
Carl_Kingsford,Robert_Patro,15
Carl_Kingsford,Emre_Sefer,13
Carl_Kingsford,Darya_Filippova,10
Carl_Kingsford,Saket_Navlakha,10
Carl_Kingsford,Geet_Duggal,9
Carl_Kingsford,Guillaume_Marçais,9
Carl_Kingsford,Hao_Wang_0024,7
Carl_Kingsford,Mihai_Pop,5
Carl_Kingsford,David_Pellow,5
Yiming_Yang,Jaime_G._Carbonell,26
Yiming_Yang,Hanxiao_Liu,20
Yiming_Yang,Wei-Cheng_Chang,14
Yiming_Yang,Sethu_Vijayakumar,13
Yiming_Yang,Monica_Rogati,13
Yiming_Yang,Yuexin_Wu,11
Yiming_Yang,Ruochen_Xu,11
Yiming_Yang,Siddharth_Gopal,10
Yiming_Yang,Vladimir_Ivan,10
Bhiksha_Raj,Rita_Singh,65
Bhiksha_Raj,Richard_M._Stern,33
Bhiksha_Raj,Anurag_Kumar_0003,30
Bhiksha_Raj,Paris_Smaragdis,23
Bhiksha_Raj,Isabel_Trancoso,18
Bhiksha_Raj,Benjamin_Elizalde,16
Bhiksha_Raj,Manas_A._Pathak,14
Bhiksha_Raj,José_Portelo,12
Bhiksha_Raj,John_W._McDonough,11
David_P._Woodruff,Kenneth_L._Clarkson,19
David_P._Woodruff,Yi_Li_0002,17
David_P._Woodruff,Qin_Zhang_0001,16
David_P._Woodruff,Jelani_Nelson,15
David_P._Woodruff,Piotr_Indyk,14
David_P._Woodruff,Zhao_Song,14
David_P._Woodruff,Vladimir_Braverman,13
David_P._Woodruff,Arnab_Bhattacharyya_0001,13
David_P._Woodruff,Eric_Price,12
Priya_Narasimhan,Rajeev_Gandhi,45
Priya_Narasimhan,Jiaqi_Tan,23
Priya_Narasimhan,P._M._Melliar-Smith,21
Priya_Narasimhan,Louise_E._Moser,20
Priya_Narasimhan,Soila_Kavulya,17
Priya_Narasimhan,Utsav_Drolia,16
Priya_Narasimhan,Tudor_Dumitras,10
Priya_Narasimhan,Rolando_Martins,10
Priya_Narasimhan,Michael_P._Kasick,7
Bernhard_Haeupler,Mohsen_Ghaffari,21
Bernhard_Haeupler,Ran_Gelles,17
Bernhard_Haeupler,Keren_Censor-Hillel,15
Bernhard_Haeupler,Amirbehshad_Shahrasbi,14
Bernhard_Haeupler,Robert_E._Tarjan,12
Bernhard_Haeupler,Goran_Zuzic,10
Bernhard_Haeupler,Fabian_Kuhn,10
Bernhard_Haeupler,Muriel_Médard,10
Bernhard_Haeupler,Chen_Avin,9
Gary_L._Miller,Richard_Peng,38
Gary_L._Miller,Shang-Hua_Teng,22
Gary_L._Miller,Ioannis_Koutis,17
Gary_L._Miller,Don_Sheehy,16
Gary_L._Miller,Noel_Walkington,12
Gary_L._Miller,Todd_Phillips,11
Gary_L._Miller,Shen_Chen_Xu,11
Gary_L._Miller,Charalampos_E._Tsourakakis,9
Gary_L._Miller,Guy_E._Blelloch,8
Phillip_B._Gibbons,Guy_E._Blelloch,37
Phillip_B._Gibbons,Yossi_Matias,32
Phillip_B._Gibbons,Todd_C._Mowry,32
Phillip_B._Gibbons,Michael_A._Kozuch,27
Phillip_B._Gibbons,Shimin_Chen,24
Phillip_B._Gibbons,Onur_Mutlu,21
Phillip_B._Gibbons,Suman_Nath,20
Phillip_B._Gibbons,Haifeng_Yu,17
Phillip_B._Gibbons,Vijaya_Ramachandran,16
Justine_Sherry,Sylvia_Ratnasamy,13
Justine_Sherry,Scott_Shenker,8
Justine_Sherry,Arvind_Krishnamurthy,6
Justine_Sherry,Chang_Lan,4
Justine_Sherry,Radhika_Mittal,4
Justine_Sherry,Raluca_A._Popa,4
Justine_Sherry,Ethan_Katz-Bassett,3
Justine_Sherry,Peter_Bailis,3
Justine_Sherry,Aurojit_Panda,3
Jodi_Forlizzi,John_Zimmerman,32
Jodi_Forlizzi,Scott_E._Hudson,19
Jodi_Forlizzi,Sara_B._Kiesler,17
Jodi_Forlizzi,Anind_K._Dey,16
Jodi_Forlizzi,Min_Kyung_Lee,14
Jodi_Forlizzi,William_Odom,12
Jodi_Forlizzi,Siddhartha_S._Srinivasa,10
Jodi_Forlizzi,Ian_Li,9
Jodi_Forlizzi,Bilge_Mutlu,8
Yuvraj_Agarwal,Bharathan_Balaji,27
Yuvraj_Agarwal,Rajesh_K._Gupta_0001,25
Yuvraj_Agarwal,Jason_Koh,13
Yuvraj_Agarwal,Rajesh_E._Gupta,13
Yuvraj_Agarwal,Jason_I._Hong,8
Yuvraj_Agarwal,Thomas_Weng,7
Yuvraj_Agarwal,Francesco_Fraternali,5
Yuvraj_Agarwal,Yuanchun_Li,5
Yuvraj_Agarwal,Joshua_Gluck,5
Levent_Burak_Kara,Kenji_Shimada,11
Levent_Burak_Kara,Ersin_Yumer,10
Levent_Burak_Kara,Günay_Orbay,10
Levent_Burak_Kara,Thomas_F._Stahovich,9
Levent_Burak_Kara,Erva_Ulu,7
Levent_Burak_Kara,Matthew_Eicholtz,6
Levent_Burak_Kara,Luoting_Fu,5
Levent_Burak_Kara,James_McCann,4
Levent_Burak_Kara,Wentai_Zhang,4
Srinivasan_Seshan,Aditya_Akella,31
Srinivasan_Seshan,Randy_H._Katz,17
Srinivasan_Seshan,Hari_Balakrishnan,16
Srinivasan_Seshan,Peter_Steenkiste,16
Srinivasan_Seshan,Dongsu_Han,15
Srinivasan_Seshan,Vyas_Sekar,15
Srinivasan_Seshan,Jeffrey_Pang,14
Srinivasan_Seshan,David_G._Andersen,14
Srinivasan_Seshan,Michael_Kaminsky,14
Heather_Miller,Philipp_Haller,13
Heather_Miller,Martin_Odersky,5
Heather_Miller,Zeeshan_Lakhani,3
Heather_Miller,Christopher_Meiklejohn,3
Heather_Miller,Normen_Müller,2
Heather_Miller,Jan_Vitek,2
Heather_Miller,Filip_Krikava,2
Heather_Miller,Hong_Liu,1
Heather_Miller,Ondrej_Lhoták,1
Virgil_D._Gligor,Jun_Zhao_0007,26
Virgil_D._Gligor,Osman_Yagan,25
Virgil_D._Gligor,Adrian_Perrig,21
Virgil_D._Gligor,C._Sekar_Chandersekaran,7
Virgil_D._Gligor,Zongwei_Zhou,7
Virgil_D._Gligor,Tiffany_Hyun-Jin_Kim,7
Virgil_D._Gligor,Himanshu_Khurana,6
Virgil_D._Gligor,Gary_L._Luckenbaugh,5
Virgil_D._Gligor,Faruk_Yavuz,5
Karl_Crary,Robert_Harper_0001,15
Karl_Crary,J._Gregory_Morrisett,10
Karl_Crary,David_Walker,7
Karl_Crary,Stephanie_Weirich,5
Karl_Crary,Tom_Murphy_VII,5
Karl_Crary,Frank_Pfenning,5
Karl_Crary,Joseph_Vanderwaart,5
Karl_Crary,Neal_Glew,5
Karl_Crary,Michael_J._Sullivan,3
Illah_R._Nourbakhsh,Emily_Hamner,17
Illah_R._Nourbakhsh,Jennifer_L._Cross,12
Illah_R._Nourbakhsh,Yen-Chia_Hsu,9
Illah_R._Nourbakhsh,Paul_Dille,9
Illah_R._Nourbakhsh,Roland_Siegwart,8
Illah_R._Nourbakhsh,Debra_Bernstein,8
Illah_R._Nourbakhsh,Tom_Lauwers,7
Illah_R._Nourbakhsh,Mary_Koes,6
Illah_R._Nourbakhsh,Katia_P._Sycara,6
Travis_D._Breaux,Annie_I._Antón,16
Travis_D._Breaux,Jaspreet_Bhatia,12
Travis_D._Breaux,David_G._Gordon,11
Travis_D._Breaux,Hanan_Hibshi,10
Travis_D._Breaux,Jianwei_Niu_0001,10
Travis_D._Breaux,Xiaoyin_Wang,6
Travis_D._Breaux,Mitra_Bokaei_Hosseini,5
Travis_D._Breaux,Ashwini_Rao,4
Travis_D._Breaux,Rocky_Slavin,4
Tom_M._Mitchell,Partha_P._Talukdar,27
Tom_M._Mitchell,Emmanouil_A._Platanios,12
Tom_M._Mitchell,Christos_Faloutsos,11
Tom_M._Mitchell,Derry_Wijaya,11
Tom_M._Mitchell,Ndapandula_Nakashole,10
Tom_M._Mitchell,Nicholas_D._Sidiropoulos,10
Tom_M._Mitchell,Evangelos_E._Papalexakis,10
Tom_M._Mitchell,Jayant_Krishnamurthy,10
Tom_M._Mitchell,Matt_Gardner_0001,9
Rayid_Ghani,Joe_Walsh,7
Rayid_Ghani,Katharina_Probst,6
Rayid_Ghani,Marko_Krema,5
Rayid_Ghani,Rosie_Jones,5
Rayid_Ghani,Chad_M._Cumby,5
Rayid_Ghani,Andrew_E._Fano,5
Rayid_Ghani,Dunja_Mladenic,4
Rayid_Ghani,Yiming_Yang,4
Rayid_Ghani,Lauren_Haynes,4
Jessica_Hammer,Joseph_Seering,7
Jessica_Hammer,Amy_Ogan,7
Jessica_Hammer,Z._O._Toups,6
Jessica_Hammer,Judith_Uchidiuno,5
Jessica_Hammer,Evelyn_Yarzebinski,5
Jessica_Hammer,Amy_Shannon_Cook,5
Jessica_Hammer,Steven_Dow,4
Jessica_Hammer,Tess_Tanenbaum,4
Jessica_Hammer,Geoff_F._Kaufman,4
Matt_Fredrikson,Somesh_Jha,18
Matt_Fredrikson,Anupam_Datta,10
Matt_Fredrikson,Shayak_Sen,8
Matt_Fredrikson,Mihai_Christodorescu,7
Matt_Fredrikson,Samuel_Yeom,6
Matt_Fredrikson,Klas_Leino,5
Matt_Fredrikson,Jonathon_T._Giffin,4
Matt_Fredrikson,Xifeng_Yan,4
Matt_Fredrikson,Piotr_Mardziel,4
Benjamin_Moseley,Sungjin_Im,46
Benjamin_Moseley,Kirk_Pruhs,19
Benjamin_Moseley,Kefu_Lu,8
Benjamin_Moseley,Chandra_Chekuri,8
Benjamin_Moseley,Kyle_Fox,7
Benjamin_Moseley,Sergei_Vassilvitskii,7
Benjamin_Moseley,Ravi_Kumar_0001,6
Benjamin_Moseley,Denis_Trystram,6
Benjamin_Moseley,Clifford_Stein,6
Maxim_Likhachev,Venkatraman_Narayanan,19
Maxim_Likhachev,Mike_Phillips,18
Maxim_Likhachev,Sven_Koenig,18
Maxim_Likhachev,Benjamin_J._Cohen,15
Maxim_Likhachev,Sachin_Chitta,15
Maxim_Likhachev,Sandip_Aine,11
Maxim_Likhachev,Alla_Safonova,11
Maxim_Likhachev,Anthony_Stentz,11
Maxim_Likhachev,Vijay_Kumar_0001,10
J._Zico_Kolter,Andrew_Y._Ng,12
J._Zico_Kolter,Brandon_Amos,10
J._Zico_Kolter,Eric_Wong,9
J._Zico_Kolter,Po-Wei_Wang,8
J._Zico_Kolter,Shaojie_Bai,7
J._Zico_Kolter,Matt_Wytock,7
J._Zico_Kolter,Frank_R._Schmidt,6
J._Zico_Kolter,Vladlen_Koltun,6
J._Zico_Kolter,Vaishnavh_Nagarajan,6
Lujo_Bauer,Lorrie_Faith_Cranor,41
Lujo_Bauer,Michael_K._Reiter,25
Lujo_Bauer,Nicolas_Christin,25
Lujo_Bauer,Michelle_L._Mazurek,22
Lujo_Bauer,Blase_Ur,20
Lujo_Bauer,Richard_Shay,18
Lujo_Bauer,Saranga_Komanduri,16
Lujo_Bauer,William_Melicher,14
Lujo_Bauer,Limin_Jia,10
Nicolas_Christin,Lorrie_Faith_Cranor,28
Nicolas_Christin,Lujo_Bauer,25
Nicolas_Christin,John_C.-I._Chuang,16
Nicolas_Christin,Saranga_Komanduri,16
Nicolas_Christin,Blase_Ur,16
Nicolas_Christin,Richard_Shay,15
Nicolas_Christin,Michelle_L._Mazurek,14
Nicolas_Christin,Timothy_Vidas,13
Nicolas_Christin,Jens_Grossklags,12
Tianqi_Chen,Yong_Yu_0001,13
Tianqi_Chen,Carlos_Guestrin,12
Tianqi_Chen,Thierry_Moreau,10
Tianqi_Chen,Luis_Ceze,8
Tianqi_Chen,Arvind_Krishnamurthy,7
Tianqi_Chen,Ziheng_Jiang,7
Tianqi_Chen,Weinan_Zhang_0001,7
Tianqi_Chen,Eddie_Q._Yan,5
Tianqi_Chen,Diyi_Yang,4
Geoff_F._Kaufman,Mary_Flanagan,9
Geoff_F._Kaufman,Laura_A._Dabbish,5
Geoff_F._Kaufman,Fannie_Liu,5
Geoff_F._Kaufman,Jessica_Hammer,4
Geoff_F._Kaufman,Anna_Kasunic,4
Geoff_F._Kaufman,Joseph_Seering,4
Geoff_F._Kaufman,Max_Seidman,3
Geoff_F._Kaufman,Alexandra_To,3
Geoff_F._Kaufman,Sukdith_Punjasthitkul,3
Frank_Pfenning,Bernardo_Toninho,15
Frank_Pfenning,Luís_Caires,14
Frank_Pfenning,Deepak_Garg_0001,9
Frank_Pfenning,Iliano_Cervesato,8
Frank_Pfenning,Robert_Harper_0001,7
Frank_Pfenning,Carsten_Schürmann,7
Frank_Pfenning,Sunil_Issar,6
Frank_Pfenning,Peter_Lee_0001,6
Frank_Pfenning,Peter_B._Andrews,6
Justine_Cassell,Amy_Ogan,12
Justine_Cassell,Tanmay_Sinha,10
Justine_Cassell,Timothy_W._Bickmore,10
Justine_Cassell,Hannes_Högni_Vilhjálmsson,9
Justine_Cassell,Kimiko_Ryokai,9
Justine_Cassell,Michael_A._Madaio,8
Justine_Cassell,Ran_Zhao,8
Justine_Cassell,Kristina_Striegnitz,6
Justine_Cassell,Zhen_Bai,6
Alessandro_Acquisti,Lorrie_Faith_Cranor,28
Alessandro_Acquisti,Norman_M._Sadeh,10
Alessandro_Acquisti,Idris_Adjerid,9
Alessandro_Acquisti,Laura_Brandimarte,8
Alessandro_Acquisti,Ponnurangam_Kumaraguru,8
Alessandro_Acquisti,Serge_Egelman,8
Alessandro_Acquisti,Jason_I._Hong,7
Alessandro_Acquisti,Rahul_Telang,7
Alessandro_Acquisti,Florian_Schaub,6
Jonathan_Aldrich,Joshua_Sunshine,23
Jonathan_Aldrich,Marwan_Abi-Antoun,14
Jonathan_Aldrich,Cyrus_Omar,12
Jonathan_Aldrich,Alex_Potanin,12
Jonathan_Aldrich,Bradley_R._Schmerl,10
Jonathan_Aldrich,David_Garlan,10
Jonathan_Aldrich,Michael_J._Coblenz,9
Jonathan_Aldrich,Brad_A._Myers,9
Jonathan_Aldrich,Craig_Chambers,8
Matthew_T._Mason,Alberto_Rodriguez,20
Matthew_T._Mason,Siddhartha_S._Srinivasa,17
Matthew_T._Mason,Michael_A._Erdmann,15
Matthew_T._Mason,Robert_Paolini,12
Matthew_T._Mason,Kevin_M._Lynch,12
Matthew_T._Mason,Devin_J._Balkcom,10
Matthew_T._Mason,Srinivas_Akella,9
Matthew_T._Mason,Ross_A._Knepper,8
Matthew_T._Mason,Wesley_H._Huang,6
Seyoung_Kim,Eric_P._Xing,10
Seyoung_Kim,Padhraic_Smyth,7
Seyoung_Kim,Qihang_Lin,4
Seyoung_Kim,Xi_Chen_0010,4
Seyoung_Kim,Jaime_G._Carbonell,4
Seyoung_Kim,Tayfun_Gokmen,3
Seyoung_Kim,Hal_S._Stern,3
Seyoung_Kim,Jaehyung_Yu,2
Seyoung_Kim,Kwang_Ryel_Ryu,2
Nathan_Beckmann,Daniel_Sánchez_0003,13
Nathan_Beckmann,Harshad_Kasture,4
Nathan_Beckmann,Anant_Agarwal,4
Nathan_Beckmann,Charles_Gruenwald_III,3
Nathan_Beckmann,Graham_Gobieski,3
Nathan_Beckmann,Anurag_Mukkara,3
Nathan_Beckmann,Daniel_S._Berger,3
Nathan_Beckmann,Jason_E._Miller,3
Nathan_Beckmann,Brandon_Lucia,3
Emma_Strubell,Andrew_McCallum,23
Emma_Strubell,Patrick_Verga,11
Emma_Strubell,David_Belanger,5
Emma_Strubell,Haw-Shiuan_Chang,5
Emma_Strubell,Sheshera_Mysore,4
Emma_Strubell,Kevin_Huang,4
Emma_Strubell,Elsa_Olivetti,4
Emma_Strubell,Edward_Kim,4
Emma_Strubell,Benjamin_Roth_0001,3
Abhinav_Gupta_0001,Xiaolong_Wang_0004,29
Abhinav_Gupta_0001,Lerrel_Pinto,21
Abhinav_Gupta_0001,Ali_Farhadi,20
Abhinav_Gupta_0001,Martial_Hebert,19
Abhinav_Gupta_0001,Abhinav_Shrivastava,18
Abhinav_Gupta_0001,Xinlei_Chen,17
Abhinav_Gupta_0001,Alexei_A._Efros,16
Abhinav_Gupta_0001,David_F._Fouhey,15
Abhinav_Gupta_0001,Larry_Davis_0001,13
David_Garlan,Bradley_R._Schmerl,89
David_Garlan,Javier_Cámara,33
David_Garlan,Shang-Wen_Cheng,17
David_Garlan,Gabriel_A._Moreno,13
David_Garlan,João_Pedro_Sousa,12
David_Garlan,Rogério_de_Lemos,12
David_Garlan,Hausi_A._Müller,10
David_Garlan,Ivan_Ruchkin,10
David_Garlan,Jonathan_Aldrich,10
Sivaraman_Balakrishnan,Aarti_Singh,26
Sivaraman_Balakrishnan,Martin_J._Wainwright,19
Sivaraman_Balakrishnan,Nihar_B._Shah,13
Sivaraman_Balakrishnan,Yining_Wang,10
Sivaraman_Balakrishnan,Larry_A._Wasserman,9
Sivaraman_Balakrishnan,Alessandro_Rinaldo,8
Sivaraman_Balakrishnan,Simon_S._Du,7
Sivaraman_Balakrishnan,Abhay_Parekh,4
Sivaraman_Balakrishnan,Kannan_Ramchandran,4
Jaime_G._Carbonell,Anatole_Gershman,26
Jaime_G._Carbonell,Yiming_Yang,26
Jaime_G._Carbonell,Lori_S._Levin,21
Jaime_G._Carbonell,Luís_Marujo,19
Jaime_G._Carbonell,João_Paulo_da_Silva_Neto,19
Jaime_G._Carbonell,Eugene_Fink,18
Jaime_G._Carbonell,David_Martins_de_Matos,16
Jaime_G._Carbonell,Ashiqur_R._KhudaBukhsh,14
Jaime_G._Carbonell,Peter_J._Jansen,14
Ameet_Talwalkar,Michael_I._Jordan,16
Ameet_Talwalkar,Mehryar_Mohri,10
Ameet_Talwalkar,Evan_R._Sparks,9
Ameet_Talwalkar,Afshin_Rostamizadeh,9
Ameet_Talwalkar,Virginia_Smith,9
Ameet_Talwalkar,Kevin_G._Jamieson,8
Ameet_Talwalkar,Lester_W._Mackey,7
Ameet_Talwalkar,Michael_J._Franklin,7
Ameet_Talwalkar,Tim_Kraska,6
Jan_Hoffmann_0002,Ankush_Das,8
Jan_Hoffmann_0002,Zhong_Shao,8
Jan_Hoffmann_0002,Felix_A._Fischer,5
Jan_Hoffmann_0002,Felix_Brandt_0001,5
Jan_Hoffmann_0002,Frank_Pfenning,5
Jan_Hoffmann_0002,Martin_Hofmann_0001,5
Jan_Hoffmann_0002,Quentin_Carbonneaux,5
Jan_Hoffmann_0002,Di_Wang,4
Jan_Hoffmann_0002,Van_Chan_Ngo,4
Andrew_Pavlo,Michael_Stonebraker,13
Andrew_Pavlo,Joy_Arulraj,13
Andrew_Pavlo,Stanley_B._Zdonik,11
Andrew_Pavlo,Dana_Van_Aken,6
Andrew_Pavlo,Samuel_Madden,6
Andrew_Pavlo,Lin_Ma,5
Andrew_Pavlo,Rebecca_Taft,4
Andrew_Pavlo,Anthony_Tomasic,4
Andrew_Pavlo,Carlo_Curino,4
George_Amvrosiadis,Gregory_R._Ganger,5
George_Amvrosiadis,Chuck_Cranor,4
George_Amvrosiadis,Garth_A._Gibson,4
George_Amvrosiadis,Gary_Grider,3
George_Amvrosiadis,Bradley_W._Settlemyer,3
George_Amvrosiadis,Michael_Kuchnik,3
George_Amvrosiadis,Qing_Zheng,3
George_Amvrosiadis,Bianca_Schroeder,3
George_Amvrosiadis,Angela_Demke_Brown,2
Ioannis_Gkioulekas,Todd_E._Zickler,8
Ioannis_Gkioulekas,Anat_Levin,5
Ioannis_Gkioulekas,Kavita_Bala,4
Ioannis_Gkioulekas,Shuang_Zhao,4
Ioannis_Gkioulekas,Srinivasa_G._Narasimhan,2
Ioannis_Gkioulekas,Chen_Bar,2
Ioannis_Gkioulekas,Ashok_Veeraraghavan,2
Ioannis_Gkioulekas,Aswin_C._Sankaranarayanan,2
Ioannis_Gkioulekas,Marina_Alterman,2
Scott_E._Hudson,Jennifer_Mankoff,40
Scott_E._Hudson,Chris_Harrison,38
Scott_E._Hudson,Jodi_Forlizzi,19
Scott_E._Hudson,James_Fogarty,13
Scott_E._Hudson,Robert_Xiao,11
Scott_E._Hudson,Xiang_'Anthony'_Chen,11
Scott_E._Hudson,Daniel_Avrahami,11
Scott_E._Hudson,Julia_Schwarz,10
Scott_E._Hudson,Johnny_C._Lee,10
Andrew_W._Moore_0001,Jeff_G._Schneider,14
Andrew_W._Moore_0001,Purnamrita_Sarkar,10
Andrew_W._Moore_0001,Alexander_G._Gray,8
Andrew_W._Moore_0001,Justin_A._Boyan,7
Andrew_W._Moore_0001,Scott_Davies,6
Andrew_W._Moore_0001,Christopher_G._Atkeson,6
Andrew_W._Moore_0001,Dan_Pelleg,6
Andrew_W._Moore_0001,Weng-Keen_Wong,6
Andrew_W._Moore_0001,Jeremy_Kubica,6
Gary_K._Fedder,Tamal_Mukherjee,9
Gary_K._Fedder,Mustafa_Emre_Karagozler,3
Gary_K._Fedder,Yuri_Suzuki_0002,2
Gary_K._Fedder,Ivan_Poupyrev,2
Gary_K._Fedder,R._D._(Shawn)_Blanton,2
Gary_K._Fedder,Jeyanandh_Paramesh,2
Gary_K._Fedder,Jacob_K._White,2
Gary_K._Fedder,Xiao_Chuan_Ong,2
Gary_K._Fedder,Mats_Forssell,2
Pradeep_Ravikumar,Inderjit_S._Dhillon,34
Pradeep_Ravikumar,Ian_En-Hsu_Yen,21
Pradeep_Ravikumar,Eunho_Yang,16
Pradeep_Ravikumar,Arun_Sai_Suggala,11
Pradeep_Ravikumar,Cho-Jui_Hsieh,10
Pradeep_Ravikumar,Martin_J._Wainwright,9
Pradeep_Ravikumar,Ali_Jalali,8
Pradeep_Ravikumar,Adarsh_Prasad,8
Pradeep_Ravikumar,Kai_Zhong,8
Bruce_H._Krogh,Bruno_Sinopoli,9
Bruce_H._Krogh,Akshay_Rajhans,8
Bruce_H._Krogh,Ansgar_Fehnker,7
Bruce_H._Krogh,James_Kapinski,6
Bruce_H._Krogh,Matthias_Althoff,6
Bruce_H._Krogh,André_Platzer,6
Bruce_H._Krogh,Oded_Maler,5
Bruce_H._Krogh,Ajinkya_Bhave,5
Bruce_H._Krogh,Zhiyuan_Ren,5
Venkatesan_Guruswami,Madhu_Sudan,32
Venkatesan_Guruswami,Euiwoong_Lee,29
Venkatesan_Guruswami,Chaoping_Xing,25
Venkatesan_Guruswami,Prasad_Raghavendra,23
Venkatesan_Guruswami,Joshua_Brakensiek,22
Venkatesan_Guruswami,Atri_Rudra,21
Venkatesan_Guruswami,Ali_Kemal_Sinop,19
Venkatesan_Guruswami,Mahdi_Cheraghchi,18
Venkatesan_Guruswami,Johan_Håstad,18
Graham_Neubig,Satoshi_Nakamura_0001,128
Graham_Neubig,Sakriani_Sakti,99
Graham_Neubig,Tomoki_Toda,95
Graham_Neubig,Pengcheng_Yin,21
Graham_Neubig,Matthias_Sperber,19
Graham_Neubig,Alex_Waibel,18
Graham_Neubig,Shinsuke_Mori,18
Graham_Neubig,Junjie_Hu,15
Graham_Neubig,Yusuke_Oda,15
Jian_Ma_0004,Minh_N._Do,6
Jian_Ma_0004,Benjamin_Chidester,6
Jian_Ma_0004,David_Haussler,5
Jian_Ma_0004,Quanquan_Gu,5
Jian_Ma_0004,Olgica_Milenkovic,5
Jian_Ma_0004,Deming_Chen,4
Jian_Ma_0004,Yang_Li,4
Jian_Ma_0004,Wen-Mei_W._Hwu,4
Jian_Ma_0004,Yang_Yang,4
Bryan_Parno,Jon_Howell,13
Bryan_Parno,Adrian_Perrig,13
Bryan_Parno,Mariana_Raykova_0001,9
Bryan_Parno,Chris_Hawblitzel,8
Bryan_Parno,Cédric_Fournet,8
Bryan_Parno,Jacob_R._Lorch,8
Bryan_Parno,Markulf_Kohlweiss,7
Bryan_Parno,Craig_Gentry,7
Bryan_Parno,Jonathan_M._McCune,7
Aniket_Kittur,Robert_E._Kraut,28
Aniket_Kittur,Haiyi_Zhu,11
Aniket_Kittur,Joel_Chan,9
Aniket_Kittur,Ed_H._Chi,8
Aniket_Kittur,Dafna_Shahaf,8
Aniket_Kittur,Bongwon_Suh,7
Aniket_Kittur,Nathan_Hahn,7
Aniket_Kittur,Jeffrey_M._Rzeszotarski,7
Aniket_Kittur,Joseph_Chee_Chang,6
Fei_Fang,Milind_Tambe,40
Fei_Fang,Debarun_Kar,11
Fei_Fang,Thanh_Hong_Nguyen,10
Fei_Fang,Bo_An,8
Fei_Fang,Zheyuan_Shi,7
Fei_Fang,Haifeng_Xu,6
Fei_Fang,Chun_Kai_Ling,6
Fei_Fang,Christopher_Kiekintveld,6
Fei_Fang,Elizabeth_Bondi,6
Yonatan_Bisk,Yejin_Choi,15
Yonatan_Bisk,Julia_Hockenmaier,9
Yonatan_Bisk,Rowan_Zellers,7
Yonatan_Bisk,Daniel_Marcu,6
Yonatan_Bisk,Jesse_Thomason,5
Yonatan_Bisk,Ari_Holtzman,5
Yonatan_Bisk,Ali_Farhadi,5
Yonatan_Bisk,Yonatan_Belinkov,4
Yonatan_Bisk,Siddhartha_S._Srinivasa,4
Eric_Nyberg,Teruko_Mitamura,35
Eric_Nyberg,Jeongwoo_Ko,14
Eric_Nyberg,Leonid_Boytsov,10
Eric_Nyberg,Di_Wang,9
Eric_Nyberg,Zi_Yang,9
Eric_Nyberg,Lucian_Vlad_Lita,6
Eric_Nyberg,Khyathi_Raghavi_Chandu,6
Eric_Nyberg,Matthew_W._Bilotti,5
Eric_Nyberg,Laurie_Hiyakumoto,5
Bogdan_Vasilescu,Alexander_Serebrenik,31
Bogdan_Vasilescu,Vladimir_Filkov,16
Bogdan_Vasilescu,Mark_van_den_Brand,12
Bogdan_Vasilescu,Premkumar_T._Devanbu,11
Bogdan_Vasilescu,Christian_Kästner,6
Bogdan_Vasilescu,Huaimin_Wang,5
Bogdan_Vasilescu,Pengcheng_Yin,4
Bogdan_Vasilescu,Filippo_Lanubile,4
Bogdan_Vasilescu,Graham_Neubig,4
Christos_Faloutsos,Hanghang_Tong,39
Christos_Faloutsos,Evangelos_E._Papalexakis,39
Christos_Faloutsos,Bryan_Hooi,38
Christos_Faloutsos,Agma_J._M._Traina,34
Christos_Faloutsos,Leman_Akoglu,32
Christos_Faloutsos,Caetano_Traina_Jr.,32
Christos_Faloutsos,Spiros_Papadimitriou,32
Christos_Faloutsos,U_Kang,30
Christos_Faloutsos,Danai_Koutra,30
Ronald_Rosenfeld,Agha_Ali_Raza,10
Ronald_Rosenfeld,Stanley_F._Chen,7
Ronald_Rosenfeld,Stefanie_Shriver,7
Ronald_Rosenfeld,Stefanie_Tomko,7
Ronald_Rosenfeld,Thomas_K._Harris,6
Ronald_Rosenfeld,Umar_Saif,6
Ronald_Rosenfeld,Xiaojin_Zhu_0001,6
Ronald_Rosenfeld,Zain_Tariq,5
Ronald_Rosenfeld,Xuedong_Huang,5
David_Brumley,Dawn_Song,14
David_Brumley,Thanassis_Avgerinos,11
David_Brumley,Sang_Kil_Cha,11
David_Brumley,Maverick_Woo,10
David_Brumley,James_Newsome,9
David_Brumley,Edward_J._Schwartz,6
David_Brumley,Jiyong_Jang,6
David_Brumley,Alexandre_Rebert,6
David_Brumley,Pongsin_Poosankam,3
Patrick_Carrington,Amy_Hurst,8
Patrick_Carrington,Shaun_K._Kane,5
Patrick_Carrington,Jeffrey_P._Bigham,5
Patrick_Carrington,Cole_Gleason,4
Patrick_Carrington,Kevin_Chang,2
Patrick_Carrington,Amy_Pavel,2
Patrick_Carrington,Lydia_B._Chilton,2
Patrick_Carrington,Meredith_Ringel_Morris,2
Patrick_Carrington,Shaomei_Wu,1
Mayank_Goel,Shwetak_N._Patel,20
Mayank_Goel,Eric_C._Larson,8
Mayank_Goel,Chris_Harrison,7
Mayank_Goel,Gaetano_Borriello,7
Mayank_Goel,Karan_Ahuja,5
Mayank_Goel,Alexander_Mariakakis,5
Mayank_Goel,Jacob_O._Wobbrock,5
Mayank_Goel,Sidhant_Gupta,4
Mayank_Goel,Edward_Jay_Wang,4
Alan_M._Frieze,Colin_Cooper,72
Alan_M._Frieze,Martin_E._Dyer,45
Alan_M._Frieze,Tom_Bohman,28
Alan_M._Frieze,Michael_Krivelevich,22
Alan_M._Frieze,Wesley_Pegden,21
Alan_M._Frieze,Andrei_Z._Broder,20
Alan_M._Frieze,Eli_Upfal,18
Alan_M._Frieze,Ravi_Kannan,16
Alan_M._Frieze,Andrzej_Dudek,16
James_D._Herbsleb,Audris_Mockus,15
James_D._Herbsleb,Marcelo_Cataldo,15
James_D._Herbsleb,Laura_A._Dabbish,11
James_D._Herbsleb,Jason_Tsay,7
James_D._Herbsleb,Rebecca_E._Grinter,6
James_D._Herbsleb,Arun_Kalyanasundaram,6
James_D._Herbsleb,Erik_H._Trainer,6
James_D._Herbsleb,Mary_Shaw,6
James_D._Herbsleb,Matthew_Bass,5
James_C._Hoe,Franz_Franchetti,23
James_C._Hoe,Babak_Falsafi,19
James_C._Hoe,Markus_Püschel,16
James_C._Hoe,Peter_A._Milder,15
James_C._Hoe,Eriko_Nurvitadhi,13
James_C._Hoe,Berkin_Akin,11
James_C._Hoe,Eric_S._Chung,11
James_C._Hoe,Roland_E._Wunderlich,9
James_C._Hoe,Ken_Mai,8
Michael_A._Erdmann,Matthew_T._Mason,15
Michael_A._Erdmann,Yan-Bin_Jia,8
Michael_A._Erdmann,Siddhartha_S._Srinivasa,6
Michael_A._Erdmann,Mark_Moll,6
Michael_A._Erdmann,Nina_B._Zumel,3
Michael_A._Erdmann,Lee_R._Taylor,2
Michael_A._Erdmann,Bowei_Tang,2
Michael_A._Erdmann,Mark_H._Overmars,2
Michael_A._Erdmann,George_Vanecek_Jr.,2
Howie_Choset,Matthew_J._Travers,31
Howie_Choset,Alfred_A._Rizzi,30
Howie_Choset,Chaohui_Gong,22
Howie_Choset,Ross_L._Hatton,18
Howie_Choset,George_Kantor,18
Howie_Choset,Stephen_Tully,17
Howie_Choset,Rangaprasad_Arun_Srivatsan,15
Howie_Choset,Glenn_Wagner,15
Howie_Choset,Ercan_U._Acar,15
William_W._Cohen,Ruslan_Salakhutdinov,27
William_W._Cohen,Kenneth_R._Koedinger,27
William_W._Cohen,Zhilin_Yang,26
William_W._Cohen,Bhuwan_Dhingra,24
William_W._Cohen,Kathryn_Mazaitis,18
William_W._Cohen,Nan_Li_0001,15
William_W._Cohen,Noboru_Matsuda,14
William_W._Cohen,Richard_C._Wang,14
William_W._Cohen,Einat_Minkov,14
Ragunathan_Rajkumar,Karthik_Lakshmanan,30
Ragunathan_Rajkumar,John_P._Lehoczky,28
Ragunathan_Rajkumar,Anthony_Rowe,23
Ragunathan_Rajkumar,Dionisio_de_Niz,22
Ragunathan_Rajkumar,Hyoseung_Kim,18
Ragunathan_Rajkumar,Junsung_Kim,15
Ragunathan_Rajkumar,Jeffery_P._Hansen,14
Ragunathan_Rajkumar,Lui_Sha,12
Ragunathan_Rajkumar,Rahul_Mangharam,12
Yuanzhi_Li,Zeyuan_Allen_Zhu,28
Yuanzhi_Li,Sébastien_Bubeck,15
Yuanzhi_Li,Yingyu_Liang,15
Yuanzhi_Li,Andrej_Risteski,11
Yuanzhi_Li,Tengyu_Ma,9
Yuanzhi_Li,Yin_Tat_Lee,8
Yuanzhi_Li,Elad_Hazan,5
Yuanzhi_Li,Yang_Yuan,4
Yuanzhi_Li,Sanjeev_Arora,4
Lorrie_Faith_Cranor,Lujo_Bauer,41
Lorrie_Faith_Cranor,Patrick_Gage_Kelley,30
Lorrie_Faith_Cranor,Nicolas_Christin,28
Lorrie_Faith_Cranor,Alessandro_Acquisti,28
Lorrie_Faith_Cranor,Saranga_Komanduri,27
Lorrie_Faith_Cranor,Blase_Ur,26
Lorrie_Faith_Cranor,Norman_M._Sadeh,25
Lorrie_Faith_Cranor,Richard_Shay,21
Lorrie_Faith_Cranor,Jason_I._Hong,19
Douglas_C._Sicker,Dirk_Grunwald,52
Douglas_C._Sicker,Caleb_T._Phillips,14
Douglas_C._Sicker,Aveek_Dutta,11
Douglas_C._Sicker,Kevin_S._Bauer,11
Douglas_C._Sicker,Dola_Saha,11
Douglas_C._Sicker,Damon_McCoy,9
Douglas_C._Sicker,Christian_Doerr,8
Douglas_C._Sicker,Eric_Anderson,6
Douglas_C._Sicker,Chenyu_Zheng,6
Amy_Ogan,Evelyn_Yarzebinski,13
Amy_Ogan,Justine_Cassell,12
Amy_Ogan,Vincent_Aleven,11
Amy_Ogan,Erin_Walker,9
Amy_Ogan,Michael_A._Madaio,9
Amy_Ogan,Christopher_Jones_0001,9
Amy_Ogan,Judith_Uchidiuno,7
Amy_Ogan,Jessica_Hammer,7
Amy_Ogan,Kenneth_R._Koedinger,6
Robert_F._Murphy,William_W._Cohen,8
Robert_F._Murphy,Luís_Pedro_Coelho,7
Robert_F._Murphy,Meel_Velliste,6
Robert_F._Murphy,Jelena_Kovacevic,6
Robert_F._Murphy,Estelle_Glory-Afshar,5
Robert_F._Murphy,Shann-Ching_Chen,5
Robert_F._Murphy,Joshua_Kangas,5
Robert_F._Murphy,Armaghan_W._Naik,5
Robert_F._Murphy,Kai_Huang,4
Kenneth_R._Koedinger,Vincent_Aleven,37
Kenneth_R._Koedinger,William_W._Cohen,27
Kenneth_R._Koedinger,John_C._Stamper,23
Kenneth_R._Koedinger,Noboru_Matsuda,22
Kenneth_R._Koedinger,Bruce_M._McLaren,21
Kenneth_R._Koedinger,Ryan_Baker_0001,20
Kenneth_R._Koedinger,Ido_Roll,20
Kenneth_R._Koedinger,Neil_T._Heffernan,17
Kenneth_R._Koedinger,Erin_Walker,15
Virginia_Smith,Michael_I._Jordan,12
Virginia_Smith,Martin_Jaggi,10
Virginia_Smith,Ameet_Talwalkar,9
Virginia_Smith,Martin_Takác,8
Virginia_Smith,Tian_Li,6
Virginia_Smith,Chenxin_Ma,6
Virginia_Smith,Jakub_Konecný,4
Virginia_Smith,Maziar_Sanjabi,4
Virginia_Smith,Peter_Richtárik,4
Andrej_Risteski,Sanjeev_Arora,12
Andrej_Risteski,Yuanzhi_Li,11
Andrej_Risteski,Tengyu_Ma,10
Andrej_Risteski,Yingyu_Liang,8
Andrej_Risteski,Rong_Ge_0001,7
Andrej_Risteski,Holden_Lee,5
Andrej_Risteski,Pranjal_Awasthi,4
Andrej_Risteski,Frederic_Koehler,4
Andrej_Risteski,Howard_Cheng,3
William_Whittaker,Chris_Urmson,11
William_Whittaker,David_Wettergreen,10
William_Whittaker,Dimitrios_Apostolopoulos,8
William_Whittaker,Christopher_R._Baker,8
William_Whittaker,Kevin_M._Peterson,8
William_Whittaker,Heather_L._Jones,7
William_Whittaker,Michael_D._Wagner,7
William_Whittaker,David_I._Ferguson,7
William_Whittaker,Benjamin_Shamah,6
Geoffrey_J._Gordon,Byron_Boots,27
Geoffrey_J._Gordon,Sebastian_Thrun,24
Geoffrey_J._Gordon,Han_Zhao_0002,19
Geoffrey_J._Gordon,Sajid_M._Siddiqi,12
Geoffrey_J._Gordon,Ahmed_Hefny,10
Geoffrey_J._Gordon,Joelle_Pineau,8
Geoffrey_J._Gordon,Siddhartha_S._Srinivasa,7
Geoffrey_J._Gordon,J._Andrew_Bagnell,7
Geoffrey_J._Gordon,Wen_Sun_0002,7
Lining_Yao,Hiroshi_Ishii_0001,19
Lining_Yao,Guanyun_Wang,14
Lining_Yao,Ye_Tao,10
Lining_Yao,Jifei_Ou,10
Lining_Yao,Jianzhe_Gu,9
Lining_Yao,Humphrey_Yang,8
Lining_Yao,Youngwook_Do,7
Lining_Yao,Wen_Wang_0003,7
Lining_Yao,Byoungkwon_An,5
